engine,lap,lane,row,sparsity,terms,card_hex,card,exact,offset,offset_unscaled,offset_rel_rms,offset_rel_exact,model_toward0_trunc
0,0,0,0,2:4,1024,4349,201.0,200.9357965,0.0642035,0.00025079,0.00025467,0.00031952,1
0,0,1,1,2:4,1024,C322,-162.0,-162.5719614,0.5719614,0.00223422,0.00226878,0.0035182,1
0,0,2,2,2:4,1024,4360,224.0,224.6978035,-0.6978035,-0.00272579,-0.00276795,-0.00310552,1
0,0,3,3,2:4,1024,410D,8.8125,7.30198979,1.51051021,0.00590043,0.00599168,0.20686282,1
0,0,4,4,2:4,1024,C3A3,-326.0,-327.2130096,1.2130096,0.00473832,0.0048116,0.00370709,1
0,0,5,5,2:4,1024,43B0,352.0,354.02323341,-2.02323341,-0.00790326,-0.00802548,-0.00571497,1
0,0,6,6,2:4,1024,43AC,344.0,346.55917645,-2.55917645,-0.00999678,-0.01015139,-0.00738453,1
0,0,7,7,2:4,1024,43A9,338.0,338.97329652,-0.97329652,-0.00380194,-0.00386074,-0.00287131,1
0,0,8,8,2:4,1024,4302,130.0,130.83651447,-0.83651447,-0.00326763,-0.00331817,-0.00639359,1
0,0,9,9,2:4,1024,C421,-644.0,-646.08396673,2.08396673,0.0081405,0.00826639,0.00322554,1
0,0,10,10,2:4,1024,C3B9,-370.0,-371.76965809,1.76965809,0.00691273,0.00701964,0.00476009,1
0,0,11,11,2:4,1024,426B,58.75,58.41244617,0.33755383,0.00131857,0.00133896,0.0057788,1
0,0,12,12,2:4,1024,C359,-217.0,-217.57659483,0.57659483,0.00225232,0.00228716,0.00265008,1
0,0,13,13,2:4,1024,4286,67.0,65.59588158,1.40411842,0.00548484,0.00556966,0.02140559,1
0,0,14,14,2:4,1024,41BD,23.625,23.27388477,0.35111523,0.00137154,0.00139276,0.01508623,1
0,0,15,15,2:4,1024,434C,204.0,205.01749539,-1.01749539,-0.00397459,-0.00403606,-0.00496297,1
0,1,0,16,2:8,512,C303,-131.0,-130.26778221,-0.73221779,-0.00286023,-0.00290446,-0.00562087,1
0,1,1,17,2:8,512,4254,53.0,52.60360909,0.39639091,0.0015484,0.00157235,0.00753543,1
0,1,2,18,2:8,512,4271,60.25,60.10136604,0.14863396,0.0005806,0.00058958,0.00247305,1
0,1,3,19,2:8,512,43D8,432.0,431.62600613,0.37399387,0.00146091,0.00148351,0.00086648,1
0,1,4,20,2:8,512,C38F,-286.0,-285.40517426,-0.59482574,-0.00232354,-0.00235947,-0.00208414,1
0,1,5,21,2:8,512,C2E6,-115.0,-115.4553051,0.4553051,0.00177854,0.00180604,0.00394356,1
0,1,6,22,2:8,512,C33F,-191.0,-189.76097298,-1.23902702,-0.00483995,-0.0049148,-0.00652941,1
0,1,7,23,2:8,512,41DF,27.875,27.27237606,0.60262394,0.002354,0.00239041,0.0220965,1
0,1,8,24,2:8,512,C381,-258.0,-259.27992249,1.27992249,0.0049997,0.00507702,0.00493645,1
0,1,9,25,2:8,512,4261,56.25,56.76450634,-0.51450634,-0.00200979,-0.00204087,-0.00906387,1
0,1,10,26,2:8,512,4316,150.0,149.67112136,0.32887864,0.00128468,0.00130455,0.00219734,1
0,1,11,27,2:8,512,431E,158.0,157.95164394,0.04835606,0.00018889,0.00019181,0.00030614,1
0,1,12,28,2:8,512,C401,-516.0,-517.18699551,1.18699551,0.0046367,0.00470841,0.0022951,1
0,1,13,29,2:8,512,C295,-74.5,-74.42822027,-0.07177973,-0.00028039,-0.00028473,-0.00096442,1
0,1,14,30,2:8,512,C41E,-632.0,-635.50868607,3.50868607,0.0137058,0.01391777,0.00552107,1
0,1,15,31,2:8,512,C2AF,-87.5,-88.26796532,0.76796532,0.00299986,0.00304626,0.00870039,1
0,2,0,32,2:8,512,437F,255.0,255.85514641,-0.85514641,-0.00334042,-0.00339208,-0.00334231,1
0,2,1,33,2:8,512,C35D,-221.0,-220.8949852,-0.1050148,-0.00041021,-0.00041656,-0.00047541,1
0,2,2,34,2:8,512,4319,153.0,152.73953819,0.26046181,0.00101743,0.00103316,0.00170527,1
0,2,3,35,2:8,512,43FB,502.0,502.68151259,-0.68151259,-0.00266216,-0.00270333,-0.00135575,1
0,2,4,36,2:8,512,C399,-306.0,-307.09655285,1.09655285,0.00428341,0.00434965,0.00357071,1
0,2,5,37,2:8,512,430C,140.0,139.96032143,0.03967857,0.00015499,0.00015739,0.0002835,1
0,2,6,38,2:8,512,42D3,105.5,105.11136246,0.38863754,0.00151812,0.00154159,0.00369739,1
0,2,7,39,2:8,512,C325,-165.0,-165.52835798,0.52835798,0.0020639,0.00209582,0.00319195,1
0,2,8,40,2:8,512,43BB,374.0,375.76306057,-1.76306057,-0.00688696,-0.00699347,-0.00469195,1
0,2,9,41,2:8,512,4318,152.0,153.3984127,-1.3984127,-0.00546255,-0.00554703,-0.00911621,1
0,2,10,42,2:8,512,C243,-48.75,-50.87298727,2.12298727,0.00829292,0.00842117,0.04173113,1
0,2,11,43,2:8,512,43C1,386.0,386.75149655,-0.75149655,-0.00293553,-0.00298093,-0.0019431,1
0,2,12,44,2:8,512,42D1,104.5,105.32322168,-0.82322168,-0.00321571,-0.00326544,-0.00781615,1
0,2,13,45,2:8,512,424D,51.25,50.98014402,0.26985598,0.00105412,0.00107043,0.00529335,1
0,2,14,46,2:8,512,437A,250.0,248.3642807,1.6357193,0.00638953,0.00648835,0.00658597,1
0,2,15,47,2:8,512,43A5,330.0,332.08222771,-2.08222771,-0.0081337,-0.00825949,-0.00627022,1
0,3,0,48,2:16,256,C3D2,-420.0,-421.10846329,1.10846329,0.00432993,0.0043969,0.00263225,1
0,3,1,49,2:16,256,4388,272.0,272.99291945,-0.99291945,-0.00387859,-0.00393858,-0.00363716,1
0,3,2,50,2:16,256,4325,165.0,164.00195312,0.99804688,0.00389862,0.00395891,0.00608558,1
0,3,3,51,2:16,256,4379,249.0,249.52292633,-0.52292633,-0.00204268,-0.00207427,-0.0020957,1
0,3,4,52,2:16,256,4357,215.0,213.99435425,1.00564575,0.0039283,0.00398906,0.0046994,1
0,3,5,53,2:16,256,C348,-200.0,-199.87556458,-0.12443542,-0.00048608,-0.00049359,-0.00062256,1
0,3,6,54,2:16,256,C23D,-47.25,-47.11969948,-0.13030052,-0.00050899,-0.00051686,-0.00276531,1
0,3,7,55,2:16,256,435F,223.0,223.77414417,-0.77414417,-0.003024,-0.00307077,-0.00345949,1
0,3,8,56,2:16,256,4330,176.0,176.03435707,-0.03435707,-0.00013421,-0.00013628,-0.00019517,1
0,3,9,57,2:16,256,42FE,127.0,128.2231102,-1.2231102,-0.00477777,-0.00485167,-0.00953892,1
0,3,10,58,2:16,256,42E3,113.5,114.72731972,-1.22731972,-0.00479422,-0.00486836,-0.01069771,1
0,3,11,59,2:16,256,434C,204.0,204.15902901,-0.15902901,-0.00062121,-0.00063081,-0.00077895,1
0,3,12,60,2:16,256,42C3,97.5,97.46041489,0.03958511,0.00015463,0.00015702,0.00040617,1
0,3,13,61,2:16,256,C409,-548.0,-550.44404602,2.44404602,0.00954705,0.00969471,0.00444014,1
0,3,14,62,2:16,256,C19D,-19.625,-19.87529945,0.25029945,0.00097773,0.00099285,0.01259349,1
0,3,15,63,2:16,256,42F3,121.5,121.18001842,0.31998158,0.00124993,0.00126926,0.00264055,1
0,4,0,64,2:32,128,C367,-231.0,-232.29721069,1.29721069,0.00506723,0.0051456,0.00558427,1
0,4,1,65,2:32,128,C3B7,-366.0,-366.94965363,0.94965363,0.00370958,0.00376696,0.00258797,1
0,4,2,66,2:32,128,436A,234.0,235.27763271,-1.27763271,-0.00499075,-0.00506794,-0.00543032,1
0,4,3,67,2:32,128,C371,-241.0,-240.97727966,-0.02272034,-8.875e-05,-9.012e-05,-9.428e-05,1
0,4,4,68,2:32,128,4388,272.0,274.10493469,-2.10493469,-0.0082224,-0.00834956,-0.0076793,1
0,4,5,69,2:32,128,40E6,7.1875,7.66555786,-0.47805786,-0.00186741,-0.00189629,-0.06236439,1
0,4,6,70,2:32,128,C39D,-314.0,-317.36862183,3.36862183,0.01315868,0.01336218,0.01061422,1
0,4,7,71,2:32,128,C16A,-14.625,-14.34436035,-0.28063965,-0.00109625,-0.0011132,-0.01956446,1
0,4,8,72,2:32,128,4424,656.0,657.75934219,-1.75934219,-0.00687243,-0.00697872,-0.00267475,1
0,4,9,73,2:32,128,425D,55.25,55.11225128,0.13774872,0.00053808,0.0005464,0.00249942,1
0,4,10,74,2:32,128,43C4,392.0,392.98312378,-0.98312378,-0.00384033,-0.00389972,-0.00250169,1
0,4,11,75,2:32,128,C304,-132.0,-132.21137238,0.21137238,0.00082567,0.00083844,0.00159875,1
0,4,12,76,2:32,128,C2FE,-127.0,-127.45327759,0.45327759,0.00177062,0.001798,0.00355642,1
0,4,13,77,2:32,128,C2DF,-111.5,-111.68119049,0.18119049,0.00070778,0.00071872,0.00162239,1
0,4,14,78,2:32,128,C2F8,-124.0,-124.83876038,0.83876038,0.00327641,0.00332708,0.00671875,1
0,4,15,79,2:32,128,C04D,-3.203125,-3.42973328,0.22660828,0.00088519,0.00089888,0.06607169,1
0,5,0,80,2:32,128,C387,-270.0,-271.74014282,1.74014282,0.00679743,0.00690256,0.0064037,1
0,5,1,81,2:32,128,4325,165.0,165.53469849,-0.53469849,-0.00208867,-0.00212097,-0.00323013,1
0,5,2,82,2:32,128,42AD,86.5,87.215065,-0.715065,-0.00279322,-0.00283642,-0.00819887,1
0,5,3,83,2:32,128,C305,-133.0,-132.90205383,-0.09794617,-0.0003826,-0.00038852,-0.00073698,1
0,5,4,84,2:32,128,C381,-258.0,-259.47231102,1.47231102,0.00575121,0.00584016,0.00567425,1
0,5,5,85,2:32,128,4308,136.0,135.04933548,0.95066452,0.00371353,0.00377097,0.00703939,1
0,5,6,86,2:32,128,C2CB,-101.5,-101.93338013,0.43338013,0.00169289,0.00171907,0.0042516,1
0,5,7,87,2:32,128,4285,66.5,66.58159637,-0.08159637,-0.00031874,-0.00032367,-0.00122551,1
0,5,8,88,2:32,128,C259,-54.25,-54.38813782,0.13813782,0.0005396,0.00054795,0.00253985,1
0,5,9,89,2:32,128,4144,12.25,11.35051727,0.89948273,0.0035136,0.00356794,0.07924597,1
0,5,10,90,2:32,128,C362,-226.0,-226.81872559,0.81872559,0.00319815,0.00324761,0.0036096,1
0,5,11,91,2:32,128,C3A6,-332.0,-332.02434444,0.02434444,9.51e-05,9.657e-05,7.332e-05,1
0,5,12,92,2:32,128,424A,50.5,49.98652649,0.51347351,0.00200576,0.00203678,0.01027224,1
0,5,13,93,2:32,128,C38E,-284.0,-285.84925079,1.84925079,0.00722364,0.00733535,0.00646932,1
0,5,14,94,2:32,128,C37E,-254.0,-254.56549454,0.56549454,0.00220896,0.00224313,0.00222141,1
0,5,15,95,2:32,128,C38B,-278.0,-278.6451416,0.6451416,0.00252008,0.00255906,0.00231528,1
