engine,lap,lane,row,sparsity,terms,card_hex,card,exact,offset,offset_rel_rms,offset_rel_exact,model_toward0_trunc
0,0,0,0,2:4,1024,4176,15.375,15.28048134,0.09451866,0.00176692,0.00618558,1
0,0,1,1,2:4,1024,C1E9,-29.125,-28.94854355,-0.17645645,-0.00329866,-0.00609552,1
0,0,2,2,2:4,1024,4010,2.25,2.27074027,-0.02074027,-0.00038772,-0.0091337,1
0,0,3,3,2:4,1024,41DE,27.75,27.79319793,-0.04319793,-0.00080754,-0.00155426,1
0,0,4,4,2:4,1024,C2A5,-82.5,-82.79052097,0.29052097,0.00543097,0.00350911,1
0,0,5,5,2:4,1024,C15D,-13.8125,-13.92126578,0.10876578,0.00203326,0.00781292,1
0,0,6,6,2:4,1024,C224,-41.0,-40.94522324,-0.05477676,-0.00102399,-0.00133781,1
0,0,7,7,2:4,1024,C1A8,-21.0,-20.79355451,-0.20644549,-0.00385927,-0.00992834,1
0,0,8,8,2:4,1024,4201,32.25,32.12110209,0.12889791,0.00240961,0.00401287,1
0,0,9,9,2:4,1024,C1FD,-31.625,-31.47419,-0.15081,-0.00281923,-0.00479155,1
0,0,10,10,2:4,1024,41CC,25.5,25.54870331,-0.04870331,-0.00091046,-0.00190629,1
0,0,11,11,2:4,1024,3F18,0.59375,0.82376683,-0.23001683,-0.00429992,-0.27922565,1
0,0,12,12,2:4,1024,C194,-18.5,-18.57330692,0.07330692,0.00137039,0.0039469,1
0,0,13,13,2:4,1024,42AD,86.5,87.09737659,-0.59737659,-0.01116731,-0.00685872,1
0,0,14,14,2:4,1024,C1B8,-23.0,-23.25028539,0.25028539,0.00467881,0.01076483,1
0,0,15,15,2:4,1024,41C2,24.25,24.5372858,-0.2872858,-0.0053705,-0.01170813,1
0,1,0,16,2:8,512,429F,79.5,79.92638016,-0.42638016,-0.00797071,-0.00533466,1
0,1,1,17,2:8,512,4227,41.75,41.71553469,0.03446531,0.00064429,0.0008262,1
0,1,2,18,2:8,512,42AE,87.0,87.41026759,-0.41026759,-0.00766951,-0.00469359,1
0,1,3,19,2:8,512,42AF,87.5,87.88931179,-0.38931179,-0.00727776,-0.00442957,1
0,1,4,20,2:8,512,42EE,119.0,119.5737679,-0.5737679,-0.01072597,-0.00479844,1
0,1,5,21,2:8,512,C1DD,-27.625,-27.65088367,0.02588367,0.00048387,0.00093609,1
0,1,6,22,2:8,512,C291,-72.5,-72.72353351,0.22353351,0.00417872,0.00307374,1
0,1,7,23,2:8,512,C204,-33.0,-33.18165016,0.18165016,0.00339575,0.00547442,1
0,1,8,24,2:8,512,426A,58.5,58.64993143,-0.14993143,-0.00280281,-0.00255638,1
0,1,9,25,2:8,512,C1BD,-23.625,-23.62329638,-0.00170362,-3.185e-05,-7.212e-05,1
0,1,10,26,2:8,512,C2BE,-95.0,-94.90404642,-0.09595358,-0.00179375,-0.00101106,1
0,1,11,27,2:8,512,4308,136.0,136.32218605,-0.32218605,-0.00602292,-0.00236342,1
0,1,12,28,2:8,512,C08A,-4.3125,-4.15734413,-0.15515587,-0.00290047,-0.03732091,1
0,1,13,29,2:8,512,4189,17.125,17.29388833,-0.16888833,-0.00315718,-0.00976578,1
0,1,14,30,2:8,512,4252,52.5,52.67163515,-0.17163515,-0.00320853,-0.00325859,1
0,1,15,31,2:8,512,C00C,-2.1875,-2.0790261,-0.1084739,-0.0020278,-0.05217534,1
0,2,0,32,2:8,512,41D4,26.5,26.46975076,0.03024924,0.00056548,0.00114279,1
0,2,1,33,2:8,512,C257,-53.75,-53.88734734,0.13734734,0.00256756,0.00254879,1
0,2,2,34,2:8,512,C138,-11.5,-11.69248986,0.19248986,0.00359839,0.01646269,1
0,2,3,35,2:8,512,42A6,83.0,82.99880362,0.00119638,2.237e-05,1.441e-05,1
0,2,4,36,2:8,512,42AB,85.5,85.45895374,0.04104626,0.00076732,0.0004803,1
0,2,5,37,2:8,512,C2B1,-88.5,-89.00825572,0.50825572,0.00950129,0.00571021,1
0,2,6,38,2:8,512,C21A,-38.5,-38.62467766,0.12467766,0.00233071,0.00322793,1
0,2,7,39,2:8,512,C185,-16.625,-16.59968686,-0.02531314,-0.0004732,-0.00152492,1
0,2,8,40,2:8,512,3FC9,1.5703125,1.79200506,-0.22169256,-0.0041443,-0.12371202,1
0,2,9,41,2:8,512,4106,8.375,8.37764704,-0.00264704,-4.948e-05,-0.00031596,1
0,2,10,42,2:8,512,C163,-14.1875,-14.27913582,0.09163582,0.00171303,0.00641746,1
0,2,11,43,2:8,512,C154,-13.25,-13.19425297,-0.05574703,-0.00104213,-0.0042251,1
0,2,12,44,2:8,512,C0A4,-5.125,-5.11681581,-0.00818419,-0.00015299,-0.00159947,1
0,2,13,45,2:8,512,C1A2,-20.25,-20.07982635,-0.17017365,-0.00318121,-0.00847486,1
0,2,14,46,2:8,512,C195,-18.625,-18.72393274,0.09893274,0.00184944,0.00528376,1
0,2,15,47,2:8,512,4061,3.515625,3.38929135,0.12633365,0.00236167,0.03727436,1
0,3,0,48,2:32,128,427A,62.5,62.4412365,0.0587635,0.00109852,0.0009411,1
0,3,1,49,2:32,128,4271,60.25,60.24738693,0.00261307,4.885e-05,4.337e-05,1
0,3,2,50,2:32,128,C1F5,-30.625,-30.65755844,0.03255844,0.00060864,0.001062,1
0,3,3,51,2:32,128,4218,38.0,37.90611768,0.09388232,0.00175503,0.00247671,1
0,3,4,52,2:32,128,C290,-72.0,-72.08306599,0.08306599,0.00155283,0.00115236,1
0,3,5,53,2:32,128,C295,-74.5,-74.88327789,0.38327789,0.00716496,0.00511834,1
0,3,6,54,2:32,128,C1E1,-28.125,-28.35356092,0.22856092,0.0042727,0.0080611,1
0,3,7,55,2:32,128,C187,-16.875,-16.93916702,0.06416702,0.00119953,0.00378809,1
0,3,8,56,2:32,128,4111,9.0625,9.07547379,-0.01297379,-0.00024253,-0.00142954,1
0,3,9,57,2:32,128,C22F,-43.75,-43.88562012,0.13562012,0.00253527,0.00309031,1
0,3,10,58,2:32,128,C1CC,-25.5,-25.71528578,0.21528578,0.00402453,0.0083719,1
0,3,11,59,2:32,128,411B,9.6875,9.64661241,0.04088759,0.00076435,0.00423854,1
0,3,12,60,2:32,128,C22E,-43.5,-43.64574027,0.14574027,0.00272446,0.00333916,1
0,3,13,61,2:32,128,C233,-44.75,-44.6127547,-0.1372453,-0.00256565,-0.00307637,1
0,3,14,62,2:32,128,C1CE,-25.75,-25.85186434,0.10186434,0.00190424,0.00394031,1
0,3,15,63,2:32,128,40E4,7.125,6.99801826,0.12698174,0.00237379,0.01814538,1
0,4,0,64,2:32,128,C10A,-8.625,-8.65142822,0.02642822,0.00049405,0.00305478,1
0,4,1,65,2:32,128,C18E,-17.75,-17.77531528,0.02531528,0.00047324,0.00142418,1
0,4,2,66,2:32,128,4007,2.109375,2.11985588,-0.01048088,-0.00019593,-0.00494415,1
0,4,3,67,2:32,128,C235,-45.25,-45.52070808,0.27070808,0.00506059,0.00594692,1
0,4,4,68,2:32,128,421D,39.25,39.57435322,-0.32435322,-0.00606343,-0.00819605,1
0,4,5,69,2:32,128,419B,19.375,19.40345925,-0.02845925,-0.00053201,-0.00146671,1
0,4,6,70,2:32,128,42DE,111.0,111.17881978,-0.17881978,-0.00334284,-0.0016084,1
0,4,7,71,2:32,128,C2A2,-81.0,-81.16426373,0.16426373,0.00307073,0.00202384,1
0,4,8,72,2:32,128,C1BD,-23.625,-23.89340305,0.26840305,0.0050175,0.01123335,1
0,4,9,73,2:32,128,427F,63.75,63.74164867,0.00835133,0.00015612,0.00013102,1
0,4,10,74,2:32,128,C2A3,-81.5,-82.0236063,0.5236063,0.00978825,0.0063836,1
0,4,11,75,2:32,128,41DF,27.875,27.83913994,0.03586006,0.00067036,0.00128812,1
0,4,12,76,2:32,128,4252,52.5,52.4240284,0.0759716,0.00142021,0.00144918,1
0,4,13,77,2:32,128,4073,3.796875,4.01461792,-0.21774292,-0.00407047,-0.05423752,1
0,4,14,78,2:32,128,C210,-36.0,-36.0730989,0.0730989,0.0013665,0.00202641,1
0,4,15,79,2:32,128,4054,3.3125,3.26897717,0.04352283,0.00081361,0.0133139,1
1,0,0,0,2:4,1024,4089,4.28125,4.40803826,-0.12678826,-0.00237017,-0.02876297,1
1,0,1,1,2:4,1024,42EB,117.5,118.03184065,-0.53184065,-0.00994218,-0.00450591,1
1,0,2,2,2:4,1024,42BF,95.5,96.11638761,-0.61638761,-0.0115227,-0.00641293,1
1,0,3,3,2:4,1024,41F0,30.0,29.89926365,0.10073635,0.00188316,0.00336919,1
1,0,4,4,2:4,1024,C2A4,-82.0,-82.29298085,0.29298085,0.00547696,0.00356022,1
1,0,5,5,2:4,1024,C287,-67.5,-67.95858765,0.45858765,0.0085728,0.00674805,1
1,0,6,6,2:4,1024,C162,-14.125,-14.11374882,-0.01125118,-0.00021033,-0.00079718,1
1,0,7,7,2:4,1024,C229,-42.25,-42.29258025,0.04258025,0.00079599,0.0010068,1
1,0,8,8,2:4,1024,431C,156.0,156.27823377,-0.27823377,-0.00520128,-0.00178037,1
1,0,9,9,2:4,1024,418D,17.625,17.89668012,-0.27168012,-0.00507877,-0.01518048,1
1,0,10,10,2:4,1024,4225,41.25,41.3316071,-0.0816071,-0.00152556,-0.00197445,1
1,0,11,11,2:4,1024,C1F0,-30.0,-30.16565378,0.16565378,0.00309672,0.00549147,1
1,0,12,12,2:4,1024,C26E,-59.5,-59.69873497,0.19873497,0.00371513,0.00332896,1
1,0,13,13,2:4,1024,C308,-136.0,-136.17425793,0.17425793,0.00325756,0.00127967,1
1,0,14,14,2:4,1024,4208,34.0,33.90211171,0.09788829,0.00182992,0.00288738,1
1,0,15,15,2:4,1024,42F0,120.0,120.41439116,-0.41439116,-0.00774659,-0.00344138,1
1,1,0,16,2:8,512,C2B1,-88.5,-88.71578169,0.21578169,0.0040338,0.00243228,1
1,1,1,17,2:8,512,C217,-37.75,-37.79355931,0.04355931,0.00081429,0.00115256,1
1,1,2,18,2:8,512,C273,-60.75,-60.89268935,0.14268935,0.00266742,0.00234329,1
1,1,3,19,2:8,512,409B,4.84375,4.73777485,0.10597515,0.00198109,0.02236813,1
1,1,4,20,2:8,512,C312,-146.0,-146.97780323,0.97780323,0.01827897,0.00665273,1
1,1,5,21,2:8,512,C0A6,-5.1875,-5.24337268,0.05587268,0.00104448,0.01065587,1
1,1,6,22,2:8,512,41A5,20.625,20.60702229,0.01797771,0.00033607,0.00087241,1
1,1,7,23,2:8,512,409A,4.8125,4.94491529,-0.13241529,-0.00247536,-0.02677807,1
1,1,8,24,2:8,512,419F,19.875,20.00361967,-0.12861967,-0.00240441,-0.00642982,1
1,1,9,25,2:8,512,C154,-13.25,-13.34703493,0.09703493,0.00181396,0.00727015,1
1,1,10,26,2:8,512,4198,19.0,19.1624943,-0.1624943,-0.00303765,-0.00847981,1
1,1,11,27,2:8,512,C189,-17.125,-17.15802574,0.03302574,0.00061738,0.0019248,1
1,1,12,28,2:8,512,C2A4,-82.0,-82.50703734,0.50703734,0.00947851,0.00614538,1
1,1,13,29,2:8,512,C235,-45.25,-45.39119697,0.14119697,0.00263952,0.00311067,1
1,1,14,30,2:8,512,428B,69.5,69.91754532,-0.41754532,-0.00780556,-0.00597197,1
1,1,15,31,2:8,512,428A,69.0,69.0858078,-0.0858078,-0.00160408,-0.00124205,1
1,2,0,32,2:16,256,421D,39.25,39.29675364,-0.04675364,-0.00087401,-0.00118976,1
1,2,1,33,2:16,256,4248,50.0,50.35268879,-0.35268879,-0.00659313,-0.00700437,1
1,2,2,34,2:16,256,C09F,-4.96875,-5.0807907,0.1120407,0.00209448,0.02205182,1
1,2,3,35,2:16,256,41CB,25.375,25.37373638,0.00126362,2.362e-05,4.98e-05,1
1,2,4,36,2:16,256,4062,3.53125,3.49374413,0.03750587,0.00070113,0.01073515,1
1,2,5,37,2:16,256,40E3,7.09375,7.02132273,0.07242727,0.00135395,0.01031533,1
1,2,6,38,2:16,256,414F,12.9375,12.88202477,0.05547523,0.00103705,0.00430641,1
1,2,7,39,2:16,256,C23E,-47.5,-47.60562301,0.10562301,0.00197451,0.00221871,1
1,2,8,40,2:16,256,41D4,26.5,26.6349225,-0.1349225,-0.00252223,-0.00506562,1
1,2,9,41,2:16,256,C1A2,-20.25,-20.39226055,0.14226055,0.00265941,0.0069762,1
1,2,10,42,2:16,256,C231,-44.25,-44.62842131,0.37842131,0.00707418,0.00847938,1
1,2,11,43,2:16,256,42D4,106.0,106.3476758,-0.3476758,-0.00649942,-0.00326924,1
1,2,12,44,2:16,256,4293,73.5,73.99602842,-0.49602842,-0.00927271,-0.00670345,1
1,2,13,45,2:16,256,42A9,84.5,84.84983444,-0.34983444,-0.00653978,-0.00412298,1
1,2,14,46,2:16,256,C1E3,-28.375,-28.50990558,0.13490558,0.00252191,0.00473188,1
1,2,15,47,2:16,256,41C3,24.375,24.37007952,0.00492048,9.198e-05,0.00020191,1
1,3,0,48,2:16,256,C2D4,-106.0,-106.12460685,0.12460685,0.00232939,0.00117416,1
1,3,1,49,2:16,256,C121,-10.0625,-10.0143311,-0.0481689,-0.00090047,-0.00481,1
1,3,2,50,2:16,256,C124,-10.25,-10.09311199,-0.15688801,-0.00293285,-0.01554407,1
1,3,3,51,2:16,256,C232,-44.5,-44.60924625,0.10924625,0.00204224,0.00244896,1
1,3,4,52,2:16,256,423E,47.5,47.61289284,-0.11289284,-0.00211041,-0.00237106,1
1,3,5,53,2:16,256,4311,145.0,145.09506369,-0.09506369,-0.00177711,-0.00065518,1
1,3,6,54,2:16,256,C268,-58.0,-58.34061813,0.34061813,0.00636749,0.00583844,1
1,3,7,55,2:16,256,41F3,30.375,30.31647229,0.05852771,0.00109411,0.00193056,1
1,3,8,56,2:16,256,C213,-36.75,-37.06794548,0.31794548,0.00594365,0.00857737,1
1,3,9,57,2:16,256,C168,-14.5,-14.65273285,0.15273285,0.00285517,0.01042351,1
1,3,10,58,2:16,256,41AD,21.625,21.49754524,0.12745476,0.00238263,0.00592881,1
1,3,11,59,2:16,256,4217,37.75,37.79035091,-0.04035091,-0.00075432,-0.00106776,1
1,3,12,60,2:16,256,41BC,23.5,23.52957916,-0.02957916,-0.00055295,-0.00125711,1
1,3,13,61,2:16,256,4247,49.75,49.82418668,-0.07418668,-0.00138684,-0.00148897,1
1,3,14,62,2:16,256,41C5,24.625,24.67645085,-0.05145085,-0.00096182,-0.00208502,1
1,3,15,63,2:16,256,41E4,28.5,28.55400133,-0.05400133,-0.0010095,-0.0018912,1
1,4,0,64,2:32,128,419E,19.75,19.88415623,-0.13415623,-0.00250791,-0.00674689,1
1,4,1,65,2:32,128,BF8C,-1.09375,-0.87817574,-0.21557426,-0.00402993,-0.24547964,1
1,4,2,66,2:32,128,40EC,7.375,7.48783684,-0.11283684,-0.00210936,-0.01506935,1
1,4,3,67,2:32,128,C242,-48.5,-48.84817982,0.34817982,0.00650884,0.0071278,1
1,4,4,68,2:32,128,BF7A,-0.9765625,-0.84535694,-0.13120556,-0.00245275,-0.15520729,1
1,4,5,69,2:32,128,C020,-2.5,-2.30847502,-0.19152498,-0.00358035,-0.08296602,1
1,4,6,70,2:32,128,C268,-58.0,-58.25303268,0.25303268,0.00473017,0.00434368,1
1,4,7,71,2:32,128,4142,12.125,12.28921938,-0.16421938,-0.0030699,-0.01336288,1
1,4,8,72,2:32,128,4198,19.0,18.99366474,0.00633526,0.00011843,0.00033355,1
1,4,9,73,2:32,128,41B1,22.125,21.88429093,0.24070907,0.00449979,0.01099917,1
1,4,10,74,2:32,128,C22B,-42.75,-42.87428474,0.12428474,0.00232337,0.00289882,1
1,4,11,75,2:32,128,C28B,-69.5,-69.42969227,-0.07030773,-0.00131433,-0.00101265,1
1,4,12,76,2:32,128,C10B,-8.6875,-8.62373018,-0.06376982,-0.00119211,-0.00739469,1
1,4,13,77,2:32,128,C288,-68.0,-68.33300447,0.33300447,0.00622516,0.00487326,1
1,4,14,78,2:32,128,41B0,22.0,21.9718399,0.0281601,0.00052642,0.00128164,1
1,4,15,79,2:32,128,41CB,25.375,25.33850574,0.03649426,0.00068222,0.00144027,1
1,5,0,80,2:32,128,C2A1,-80.5,-80.78677273,0.28677273,0.00536091,0.00354975,1
1,5,1,81,2:32,128,C25D,-55.25,-55.04801464,-0.20198536,-0.0037759,-0.00366926,1
1,5,2,82,2:32,128,41E9,29.125,29.24167061,-0.11667061,-0.00218103,-0.00398987,1
1,5,3,83,2:32,128,4230,44.0,44.07336318,-0.07336318,-0.00137145,-0.00166457,1
1,5,4,84,2:32,128,414B,12.6875,12.77385283,-0.08635283,-0.00161427,-0.00676012,1
1,5,5,85,2:32,128,4069,3.640625,3.74067307,-0.10004807,-0.00187029,-0.02674601,1
1,5,6,86,2:32,128,C03A,-2.90625,-2.8223877,-0.0838623,-0.00156771,-0.02971325,1
1,5,7,87,2:32,128,C206,-33.5,-33.78261209,0.28261209,0.00528313,0.00836561,1
1,5,8,88,2:32,128,428F,71.5,72.06560159,-0.56560159,-0.01057331,-0.00784843,1
1,5,9,89,2:32,128,C221,-40.25,-40.32583904,0.07583904,0.00141773,0.00188066,1
1,5,10,90,2:32,128,C1FF,-31.875,-31.87952328,0.00452328,8.456e-05,0.00014189,1
1,5,11,91,2:32,128,C2DE,-111.0,-111.52582836,0.52582836,0.00982979,0.00471486,1
1,5,12,92,2:32,128,40BA,5.8125,6.01554489,-0.20304489,-0.0037957,-0.03375337,1
1,5,13,93,2:32,128,C23F,-47.75,-47.62838936,-0.12161064,-0.00227338,-0.00255332,1
1,5,14,94,2:32,128,C25F,-55.75,-56.03362536,0.28362536,0.00530207,0.0050617,1
1,5,15,95,2:32,128,C23C,-47.0,-47.2702198,0.2702198,0.00505147,0.00571649,1
