part,arch,shape,engines,clock_mhz,folder,status,minutes,note
qwen,4x4,4x4,1,400,Vitis_4x4,OK,1.63,
qwen,8x4,8x4,1,375,Vitis_8x4,OK,1.64,
qwen,16x3,16x3,1,350,Vitis_16x3,OK,1.63,
qwen,8x8,8x8,1,325,Vitis_325,OK,1.66,
qwen,4x24,4x24,1,300,Vitis_4x24,OK,1.65,
qwen,4x32,4x32,1,250,Vitis_4x32,OK,1.66,
qwen,2x4x4,4x4,2,394,Vitis_multi_x2,OK,1.65,
qwen,3x4x4,4x4,3,399,Vitis_multi_x3,OK,1.67,
qwen,4x4x4,4x4,4,374,Vitis_multi_x4,OK,1.67,
qwen,5x4x4,4x4,5,329,Vitis_multi_x5_split,OK,1.68,
qwen,2x8x4,8x4,2,361,Vitis_multi_8x4_x2,OK,1.67,
qwen,3x8x4,8x4,3,354,Vitis_multi_8x4_x3,OK,1.69,
qwen,2x16x3,16x3,2,341,Vitis_multi_16x3_x2,OK,1.65,
qwen,3x4x4_shared,4x4,3,392,Vitis_multi_x3_shared,OK,1.66,
qwen,3x8x4_shared,8x4,3,321,Vitis_multi_8x4_x3_shared,OK,1.68,
qwen,2x16x3_shared,16x3,2,332,Vitis_multi_16x3_x2_shared,OK,1.66,
qwen,3x4x4_bcast,4x4,3,393,Vitis_multi_x3_bcast,OK,1.66,
qwen,6x4x4_bcast,4x4,6,343,Vitis_multi_x6_bcast,OK,1.68,
qwen,7x4x4_bcast,4x4,7,311,Vitis_multi_x7_bcast,OK,1.68,
qwen,3x8x4_bcast,8x4,3,337,Vitis_multi_8x4_x3_bcast,OK,1.68,
qwen,2x16x3_bcast,16x3,2,339,Vitis_multi_16x3_x2_bcast,OK,1.65,
uc1,4x4,4x4,1,400,Vitis_4x4,OK,1.66,
uc1,8x4,8x4,1,375,Vitis_8x4,OK,1.67,
uc1,16x3,16x3,1,350,Vitis_16x3,OK,1.69,
uc1,8x8,8x8,1,325,Vitis_325,OK,1.70,
uc1,4x24,4x24,1,300,Vitis_4x24,OK,1.71,
uc1,4x32,4x32,1,250,Vitis_4x32,OK,1.72,
uc1,2x4x4,4x4,2,394,Vitis_multi_x2,OK,1.68,
uc1,3x4x4,4x4,3,399,Vitis_multi_x3,OK,1.70,
uc1,4x4x4,4x4,4,374,Vitis_multi_x4,OK,1.70,
uc1,5x4x4,4x4,5,329,Vitis_multi_x5_split,OK,1.71,
uc1,2x8x4,8x4,2,361,Vitis_multi_8x4_x2,OK,1.70,
uc1,3x8x4,8x4,3,354,Vitis_multi_8x4_x3,OK,1.71,
uc1,2x16x3,16x3,2,341,Vitis_multi_16x3_x2,OK,1.71,
