pass_,tenant,calc,beats,laps,start_us,active_start_us,end_us,span_us,active_dur_us,predicted_us
0,0,0,23040,96,0.518,73.433,375.139,374.621,301.706,65.356
0,0,1,23040,96,378.852,435.467,732.253,353.401,296.786,65.356
0,0,2,23040,96,736.969,795.616,1087.72,350.751,292.104,65.356
0,0,3,23040,96,1092.548,1140.289,1452.272,359.724,311.983,65.356
0,0,4,23040,96,1456.823,1516.775,1818.328,361.505,301.553,65.356
0,0,5,23040,96,1822.873,1871.454,2170.12,347.247,298.666,65.356
0,0,6,23040,96,2173.914,2220.256,2521.004,347.09,300.748,65.356
0,0,7,23040,96,2524.771,2572.556,2873.191,348.42,300.635,65.356
0,0,8,23040,96,2877.677,2924.475,3225.547,347.87,301.072,65.356
0,0,9,23040,96,3229.265,3276.122,3576.439,347.174,300.317,65.356
0,0,10,23040,96,3581.065,3628.672,3926.955,345.89,298.283,65.356
0,0,11,23040,96,3931.562,3976.766,4278.348,346.786,301.582,65.356
0,0,12,23040,96,4281.956,4328.011,4626.876,344.92,298.865,65.356
0,0,13,23040,96,4631.497,4678.352,4975.724,344.227,297.372,65.356
0,0,14,23040,96,4980.322,5026.294,5324.943,344.621,298.649,65.356
0,0,15,23040,96,5329.603,5378.922,5677.464,347.861,298.542,65.356
0,0,16,23040,96,5682.198,5727.419,6026.143,343.945,298.724,65.356
0,0,17,23040,96,6030.739,6076.172,6375.692,344.953,299.52,65.356
0,0,18,23040,96,6380.282,6443.549,6732.361,352.079,288.812,65.356
0,0,19,23040,96,6736.129,6782.009,7085.099,348.97,303.09,65.356
0,0,20,23040,96,7089.314,7132.235,7433.124,343.81,300.889,65.356
0,0,21,23040,96,7437.437,7480.508,7786.165,348.728,305.657,65.356
0,0,22,23040,96,7789.565,7831.923,8136.697,347.132,304.774,65.356
0,0,23,23040,96,8140.089,8181.519,8478.002,337.913,296.483,65.356
0,0,24,23040,96,8482.175,8524.713,8823.868,341.693,299.155,65.356
0,0,25,23040,96,8827.279,8870.297,9173.793,346.514,303.496,65.356
0,0,26,23040,96,9177.023,9219.803,9522.37,345.347,302.567,65.356
0,0,27,23040,96,9525.708,9569.438,9868.231,342.523,298.793,65.356
0,0,28,23040,96,9872.34,9914.726,10215.427,343.087,300.701,65.356
0,0,29,23040,96,10219.56,10262.432,10573.339,353.779,310.907,65.356
0,0,30,23040,96,10576.636,10619.791,10924.627,347.991,304.836,65.356
0,0,31,23040,96,10927.867,10969.988,11273.657,345.79,303.669,65.356
0,0,32,23040,96,11277.008,11318.56,11622.178,345.17,303.618,65.356
0,0,33,23040,96,11625.406,11670.376,11982.094,356.688,311.718,65.356
0,0,34,23040,96,11986.321,12027.529,12315.276,328.955,287.747,65.356
0,0,35,23040,96,12319.476,12360.439,12648.454,328.978,288.015,65.356
0,0,36,23040,96,12652.501,12693.402,12979.756,327.255,286.354,65.356
0,0,37,23040,96,12983.756,13024.804,13312.563,328.807,287.759,65.356
0,0,38,23040,96,13315.668,13356.595,13644.714,329.046,288.119,65.356
0,0,39,23040,96,13648.374,13687.663,13978.434,330.06,290.771,65.356
0,1,0,23040,96,0.654,92.83,376.818,376.164,283.988,65.356
0,1,1,23040,96,378.91,453.859,735.022,356.112,281.163,65.356
0,1,2,23040,96,737.054,809.231,1090.582,353.528,281.351,65.356
0,1,3,23040,96,1092.605,1153.443,1455.006,362.401,301.563,65.356
0,1,4,23040,96,1456.879,1530.905,1821.003,364.124,290.098,65.356
0,1,5,23040,96,1822.928,1884.338,2172.043,349.115,287.705,65.356
0,1,6,23040,96,2173.966,2233.541,2523.738,349.772,290.197,65.356
0,1,7,23040,96,2524.841,2585.755,2875.856,351.015,290.101,65.356
0,1,8,23040,96,2877.734,2938.524,3227.347,349.613,288.823,65.356
0,1,9,23040,96,3229.318,3290.771,3579.234,349.916,288.463,65.356
0,1,10,23040,96,3581.148,3642.709,3929.707,348.559,286.998,65.356
0,1,11,23040,96,3931.629,3990.8,4280.106,348.477,289.306,65.356
0,1,12,23040,96,4282.009,4342.054,4629.621,347.612,287.567,65.356
0,1,13,23040,96,4631.549,4692.699,4978.528,346.979,285.829,65.356
0,1,14,23040,96,4980.378,5040.513,5327.761,347.383,287.248,65.356
0,1,15,23040,96,5329.654,5392.226,5680.294,350.64,288.068,65.356
0,1,16,23040,96,5682.268,5742.785,6028.853,346.585,286.068,65.356
0,1,17,23040,96,6030.795,6090.684,6378.454,347.659,287.77,65.356
0,1,18,23040,96,6380.366,6457.122,6734.206,353.84,277.084,65.356
0,1,19,23040,96,6736.185,6796.484,7087.606,351.421,291.122,65.356
0,1,20,23040,96,7089.358,7144.8,7435.648,346.29,290.848,65.356
0,1,21,23040,96,7437.5,7493.133,7787.859,350.359,294.726,65.356
0,1,22,23040,96,7789.613,7844.753,8138.324,348.711,293.571,65.356
0,1,23,23040,96,8140.136,8194.825,8480.487,340.351,285.662,65.356
0,1,24,23040,96,8482.222,8537.757,8825.586,343.364,287.829,65.356
0,1,25,23040,96,8827.326,8883.224,9175.421,348.095,292.197,65.356
0,1,26,23040,96,9177.113,9232.968,9523.997,346.884,291.029,65.356
0,1,27,23040,96,9525.753,9582.917,9870.651,344.898,287.734,65.356
0,1,28,23040,96,9872.385,9927.931,10217.844,345.459,289.913,65.356
0,1,29,23040,96,10219.604,10276.024,10574.925,355.321,298.901,65.356
0,1,30,23040,96,10576.717,10632.127,10926.23,349.513,294.103,65.356
0,1,31,23040,96,10927.914,10983.484,11275.297,347.383,291.813,65.356
0,1,32,23040,96,11277.053,11331.904,11623.767,346.714,291.863,65.356
0,1,33,23040,96,11625.454,11683.855,11985.181,359.727,301.326,65.356
0,1,34,23040,96,11986.401,12039.962,12318.17,331.769,278.208,65.356
0,1,35,23040,96,12319.52,12373.291,12651.284,331.764,277.993,65.356
0,1,36,23040,96,12652.545,12705.346,12982.556,330.011,277.21,65.356
0,1,37,23040,96,12983.801,13037.172,13314.106,330.305,276.934,65.356
0,1,38,23040,96,13315.716,13369.283,13648.234,332.518,278.951,65.356
0,1,39,23040,96,13648.42,13701.104,13979.911,331.491,278.807,65.356
0,2,0,23040,96,0.835,115.59,378.646,377.811,263.056,65.356
0,2,1,23040,96,378.966,473.763,736.827,357.861,263.064,65.356
0,2,2,23040,96,737.113,823.019,1092.42,355.307,269.401,65.356
0,2,3,23040,96,1092.657,1167.478,1456.697,364.04,289.219,65.356
0,2,4,23040,96,1456.976,1555.033,1822.748,365.772,267.715,65.356
0,2,5,23040,96,1822.981,1897.438,2173.786,350.805,276.348,65.356
0,2,6,23040,96,2174.024,2254.402,2524.645,350.621,270.243,65.356
0,2,7,23040,96,2524.893,2598.769,2877.562,352.669,278.793,65.356
0,2,8,23040,96,2877.81,2962.521,3229.138,351.328,266.617,65.356
0,2,9,23040,96,3229.375,3304.125,3580.95,351.575,276.825,65.356
0,2,10,23040,96,3581.21,3655.436,3931.435,350.225,275.999,65.356
0,2,11,23040,96,3931.686,4008.191,4281.84,350.154,273.649,65.356
0,2,12,23040,96,4282.066,4354.776,4631.371,349.305,276.595,65.356
0,2,13,23040,96,4631.621,4705.793,4980.196,348.575,274.403,65.356
0,2,14,23040,96,4980.432,5061.894,5329.479,349.047,267.585,65.356
0,2,15,23040,96,5329.707,5406.913,5682.076,352.369,275.163,65.356
0,2,16,23040,96,5682.424,5755.374,6030.62,348.196,275.246,65.356
0,2,17,23040,96,6030.848,6104.769,6380.161,349.313,275.392,65.356
0,2,18,23040,96,6380.426,6470.312,6735.998,355.572,265.686,65.356
0,2,19,23040,96,6736.237,6813.299,7089.209,352.972,275.91,65.356
0,2,20,23040,96,7089.403,7157.786,7437.328,347.925,279.542,65.356
0,2,21,23040,96,7437.543,7506.0,7789.457,351.914,283.457,65.356
0,2,22,23040,96,7789.657,7857.046,8139.977,350.32,282.931,65.356
0,2,23,23040,96,8140.196,8207.468,8482.082,341.886,274.614,65.356
0,2,24,23040,96,8482.303,8550.083,8827.194,344.891,277.111,65.356
0,2,25,23040,96,8827.371,8895.572,9176.919,349.548,281.347,65.356
0,2,26,23040,96,9177.158,9245.772,9525.602,348.444,279.83,65.356
0,2,27,23040,96,9525.813,9595.326,9872.234,346.421,276.908,65.356
0,2,28,23040,96,9872.43,9940.762,10219.457,347.027,278.695,65.356
0,2,29,23040,96,10219.653,10289.008,10576.53,356.877,287.522,65.356
0,2,30,23040,96,10576.765,10645.509,10927.76,350.995,282.251,65.356
0,2,31,23040,96,10927.966,10995.847,11276.905,348.939,281.058,65.356
0,2,32,23040,96,11277.223,11346.33,11625.31,348.087,278.98,65.356
0,2,33,23040,96,11625.504,11696.493,11986.227,360.723,289.734,65.356
0,2,34,23040,96,11986.453,12052.341,12319.384,332.931,267.043,65.356
0,2,35,23040,96,12319.572,12386.997,12652.409,332.837,265.412,65.356
0,2,36,23040,96,12652.593,12718.5,12983.663,331.07,265.163,65.356
0,2,37,23040,96,12983.861,13050.37,13315.575,331.714,265.205,65.356
0,2,38,23040,96,13315.768,13381.659,13647.06,331.292,265.401,65.356
0,2,39,23040,96,13648.469,13712.408,13981.351,332.882,268.943,65.356
1,0,0,23040,96,0.364,38.131,332.435,332.071,294.304,65.356
1,0,1,23040,96,335.461,372.473,663.495,328.034,291.022,65.356
1,0,2,23040,96,667.632,705.273,996.436,328.804,291.163,65.356
1,0,3,23040,96,999.514,1034.899,1326.916,327.402,292.017,65.356
1,0,4,23040,96,1329.947,1366.582,1659.237,329.29,292.655,65.356
1,0,5,23040,96,1662.213,1700.014,1991.129,328.916,291.115,65.356
1,0,6,23040,96,1994.134,2031.047,2322.0,327.866,290.953,65.356
1,0,7,23040,96,2324.993,2362.926,2654.372,329.379,291.446,65.356
1,0,8,23040,96,2657.472,2693.927,2985.808,328.336,291.881,65.356
1,0,9,23040,96,2988.847,3026.64,3318.162,329.315,291.522,65.356
1,0,10,23040,96,3321.175,3357.203,3648.797,327.622,291.594,65.356
1,0,11,23040,96,3651.813,3689.063,3980.401,328.588,291.338,65.356
1,0,12,23040,96,3983.426,4021.116,4316.808,333.382,295.692,65.356
1,0,13,23040,96,4319.815,4357.496,4650.163,330.348,292.667,65.356
1,0,14,23040,96,4653.019,4687.896,4981.124,328.105,293.228,65.356
1,0,15,23040,96,4984.997,5020.661,5314.98,329.983,294.319,65.356
1,0,16,23040,96,5317.875,5352.939,5647.065,329.19,294.126,65.356
1,0,17,23040,96,5649.941,5685.328,5978.653,328.712,293.325,65.356
1,0,18,23040,96,5981.509,6015.236,6309.441,327.932,294.205,65.356
1,0,19,23040,96,6312.39,6346.381,6640.411,328.021,294.03,65.356
1,0,20,23040,96,6644.307,6677.928,6971.508,327.201,293.58,65.356
1,0,21,23040,96,6974.422,7008.589,7303.191,328.769,294.602,65.356
1,0,22,23040,96,7306.021,7339.719,7633.049,327.028,293.33,65.356
1,0,23,23040,96,7636.008,7670.175,7963.699,327.691,293.524,65.356
1,0,24,23040,96,7967.487,8004.864,8332.979,365.492,328.115,65.356
1,0,25,23040,96,8338.931,8371.576,8673.616,334.685,302.04,65.356
1,0,26,23040,96,8677.273,8714.921,9025.845,348.572,310.924,65.356
1,0,27,23040,96,9029.91,9066.024,9341.702,311.792,275.678,65.356
1,0,28,23040,96,9345.071,9377.426,9682.717,337.646,305.291,65.356
1,0,29,23040,96,9685.708,9719.04,10024.28,338.572,305.24,65.356
1,0,30,23040,96,10027.322,10059.859,10366.454,339.132,306.595,65.356
1,0,31,23040,96,10369.535,10402.511,10708.241,338.706,305.73,65.356
1,0,32,23040,96,10711.314,10742.565,11048.944,337.63,306.379,65.356
1,0,33,23040,96,11051.962,11089.275,11402.456,350.494,313.181,65.356
1,0,34,23040,96,11405.525,11438.454,11742.895,337.37,304.441,65.356
1,0,35,23040,96,11745.838,11779.058,12090.606,344.768,311.548,65.356
1,0,36,23040,96,12093.695,12126.675,12432.524,338.829,305.849,65.356
1,0,37,23040,96,12435.675,12470.001,12770.479,334.804,300.478,65.356
1,0,38,23040,96,12774.149,12806.003,13109.488,335.339,303.485,65.356
1,0,39,23040,96,13112.485,13144.351,13448.227,335.742,303.876,65.356
1,1,0,23040,96,0.435,49.411,333.915,333.48,284.504,65.356
1,1,1,23040,96,335.51,384.204,666.373,330.863,282.169,65.356
1,1,2,23040,96,667.683,716.746,997.924,330.241,281.178,65.356
1,1,3,23040,96,999.559,1046.402,1328.45,328.891,282.048,65.356
1,1,4,23040,96,1329.993,1377.572,1660.669,330.676,283.097,65.356
1,1,5,23040,96,1662.257,1711.358,1992.595,330.338,281.237,65.356
1,1,6,23040,96,1994.181,2042.321,2323.492,329.311,281.171,65.356
1,1,7,23040,96,2325.051,2374.111,2655.899,330.848,281.788,65.356
1,1,8,23040,96,2657.516,2705.545,2987.298,329.782,281.753,65.356
1,1,9,23040,96,2988.895,3037.939,3319.615,330.72,281.676,65.356
1,1,10,23040,96,3321.222,3368.578,3650.28,329.058,281.702,65.356
1,1,11,23040,96,3651.863,3700.143,3981.904,330.041,281.761,65.356
1,1,12,23040,96,3983.47,4032.122,4318.29,334.82,286.168,65.356
1,1,13,23040,96,4319.86,4368.413,4651.535,331.675,283.122,65.356
1,1,14,23040,96,4653.063,4699.044,4983.887,330.824,284.843,65.356
1,1,15,23040,96,4985.037,5031.21,5316.395,331.358,285.185,65.356
1,1,16,23040,96,5317.916,5364.328,5648.474,330.558,284.146,65.356
1,1,17,23040,96,5649.981,5696.053,5980.046,330.065,283.993,65.356
1,1,18,23040,96,5981.553,6026.098,6310.93,329.377,284.832,65.356
1,1,19,23040,96,6312.434,6357.639,6643.119,330.685,285.48,65.356
1,1,20,23040,96,6644.348,6688.584,6972.889,328.541,284.305,65.356
1,1,21,23040,96,6974.471,7018.715,7304.543,330.072,285.828,65.356
1,1,22,23040,96,7306.065,7349.845,7634.495,328.43,284.65,65.356
1,1,23,23040,96,7636.049,7681.059,7966.305,330.256,285.246,65.356
1,1,24,23040,96,7967.53,8015.668,8337.232,369.702,321.564,65.356
1,1,25,23040,96,8338.972,8385.931,8675.866,336.894,289.935,65.356
1,1,26,23040,96,8677.329,8724.589,9028.388,351.059,303.799,65.356
1,1,27,23040,96,9029.95,9075.278,9343.915,313.965,268.637,65.356
1,1,28,23040,96,9345.111,9387.604,9684.184,339.073,296.58,65.356
1,1,29,23040,96,9685.748,9729.416,10025.765,340.017,296.349,65.356
1,1,30,23040,96,10027.374,10069.541,10367.952,340.578,298.411,65.356
1,1,31,23040,96,10369.579,10412.963,10709.743,340.164,296.78,65.356
1,1,32,23040,96,10711.354,10752.721,11050.414,339.06,297.693,65.356
1,1,33,23040,96,11052.004,11100.345,11403.967,351.963,303.622,65.356
1,1,34,23040,96,11405.597,11448.856,11744.309,338.712,295.453,65.356
1,1,35,23040,96,11745.887,11789.351,12092.105,346.218,302.754,65.356
1,1,36,23040,96,12093.752,12137.301,12434.048,340.296,296.747,65.356
1,1,37,23040,96,12435.716,12479.888,12772.607,336.891,292.719,65.356
1,1,38,23040,96,12774.193,12816.251,13110.936,336.743,294.685,65.356
1,1,39,23040,96,13112.526,13154.564,13449.644,337.118,295.08,65.356
1,2,0,23040,96,0.479,65.45,335.353,334.874,269.903,65.356
1,2,1,23040,96,335.555,396.862,667.526,331.971,270.664,65.356
1,2,2,23040,96,667.728,728.751,999.41,331.682,270.659,65.356
1,2,3,23040,96,999.604,1059.318,1329.842,330.238,270.524,65.356
1,2,4,23040,96,1330.037,1388.865,1662.106,332.069,273.241,65.356
1,2,5,23040,96,1662.303,1722.349,1994.026,331.723,271.677,65.356
1,2,6,23040,96,1994.227,2053.754,2324.885,330.658,271.131,65.356
1,2,7,23040,96,2325.097,2385.194,2657.369,332.272,272.175,65.356
1,2,8,23040,96,2657.568,2716.495,2988.745,331.177,272.25,65.356
1,2,9,23040,96,2988.939,3049.571,3321.067,332.128,271.496,65.356
1,2,10,23040,96,3321.27,3379.768,3651.703,330.433,271.935,65.356
1,2,11,23040,96,3651.913,3711.928,3983.325,331.412,271.397,65.356
1,2,12,23040,96,3983.515,4044.706,4319.715,336.2,275.009,65.356
1,2,13,23040,96,4319.937,4379.599,4652.923,332.986,273.324,65.356
1,2,14,23040,96,4653.103,4709.239,4984.897,331.794,275.658,65.356
1,2,15,23040,96,4985.077,5041.421,5317.78,332.703,276.359,65.356
1,2,16,23040,96,5317.959,5374.971,5649.844,331.885,274.873,65.356
1,2,17,23040,96,5650.021,5707.258,5981.414,331.393,274.156,65.356
1,2,18,23040,96,5981.597,6036.775,6312.289,330.692,275.514,65.356
1,2,19,23040,96,6312.474,6368.914,6644.207,331.733,275.293,65.356
1,2,20,23040,96,6644.389,6699.211,6974.325,329.936,275.114,65.356
1,2,21,23040,96,6974.513,7031.041,7305.928,331.415,274.887,65.356
1,2,22,23040,96,7306.105,7360.162,7635.911,329.806,275.749,65.356
1,2,23,23040,96,7636.092,7691.071,7967.39,331.298,276.319,65.356
1,2,24,23040,96,7967.574,8026.064,8338.833,371.259,312.769,65.356
1,2,25,23040,96,8339.012,8401.263,8677.189,338.177,275.926,65.356
1,2,26,23040,96,8677.37,8735.563,9029.826,352.456,294.263,65.356
1,2,27,23040,96,9030.0,9086.167,9344.988,314.988,258.821,65.356
1,2,28,23040,96,9345.152,9398.068,9685.62,340.468,287.552,65.356
1,2,29,23040,96,9685.791,9740.013,10027.238,341.447,287.225,65.356
1,2,30,23040,96,10027.418,10079.859,10369.452,342.034,289.593,65.356
1,2,31,23040,96,10369.624,10423.406,10711.227,341.603,287.821,65.356
1,2,32,23040,96,10711.414,10763.6,11051.874,340.46,288.274,65.356
1,2,33,23040,96,11052.048,11113.024,11405.438,353.39,292.414,65.356
1,2,34,23040,96,11405.641,11460.223,11745.754,340.113,285.531,65.356
1,2,35,23040,96,11745.933,11800.03,12093.596,347.663,293.566,65.356
1,2,36,23040,96,12093.793,12148.064,12435.59,341.797,287.526,65.356
1,2,37,23040,96,12435.768,12492.088,12774.064,338.296,281.976,65.356
1,2,38,23040,96,12774.233,12826.586,13112.401,338.168,285.815,65.356
1,2,39,23040,96,13112.568,13164.883,13451.103,338.535,286.22,65.356
2,0,0,23040,96,0.066,34.162,341.545,341.479,307.383,65.356
2,0,1,23040,96,345.118,376.65,681.744,336.626,305.094,65.356
2,0,2,23040,96,684.677,716.933,1019.674,334.997,302.741,65.356
2,0,3,23040,96,1022.66,1054.612,1358.082,335.422,303.47,65.356
2,0,4,23040,96,1361.014,1393.904,1696.888,335.874,302.984,65.356
2,0,5,23040,96,1699.759,1732.717,2036.028,336.269,303.311,65.356
2,0,6,23040,96,2038.93,2071.496,2375.235,336.305,303.739,65.356
2,0,7,23040,96,2378.356,2412.793,2725.724,347.368,312.931,65.356
2,0,8,23040,96,2728.72,2760.029,3062.153,333.433,302.124,65.356
2,0,9,23040,96,3065.078,3098.932,3401.031,335.953,302.099,65.356
2,0,10,23040,96,3404.048,3436.213,3737.679,333.631,301.466,65.356
2,0,11,23040,96,3740.546,3772.869,4074.753,334.207,301.884,65.356
2,0,12,23040,96,4077.692,4112.076,4418.967,341.275,306.891,65.356
2,0,13,23040,96,4421.941,4453.764,4756.898,334.957,303.134,65.356
2,0,14,23040,96,4759.805,4792.351,5095.733,335.928,303.382,65.356
2,0,15,23040,96,5098.756,5130.311,5432.691,333.935,302.38,65.356
2,0,16,23040,96,5435.627,5467.623,5769.78,334.153,302.157,65.356
2,0,17,23040,96,5772.707,5807.397,6127.014,354.307,319.617,65.356
2,0,18,23040,96,6129.747,6161.329,6458.298,328.551,296.969,65.356
2,0,19,23040,96,6461.113,6495.35,6786.617,325.504,291.267,65.356
2,0,20,23040,96,6790.363,6821.13,7114.141,323.778,293.011,65.356
2,0,21,23040,96,7116.875,7149.609,7442.923,326.048,293.314,65.356
2,0,22,23040,96,7445.587,7478.125,7772.526,326.939,294.401,65.356
2,0,23,23040,96,7775.341,7807.766,8101.839,326.498,294.073,65.356
2,0,24,23040,96,8105.121,8137.679,8429.464,324.343,291.785,65.356
2,0,25,23040,96,8433.215,8464.616,8758.359,325.144,293.743,65.356
2,0,26,23040,96,8761.143,8792.507,9084.934,323.791,292.427,65.356
2,0,27,23040,96,9088.66,9120.422,9413.086,324.426,292.664,65.356
2,0,28,23040,96,9415.868,9448.594,9741.888,326.02,293.294,65.356
2,0,29,23040,96,9744.667,9777.198,10070.438,325.771,293.24,65.356
2,0,30,23040,96,10073.156,10105.444,10401.344,328.188,295.9,65.356
2,0,31,23040,96,10404.078,10436.793,10729.379,325.301,292.586,65.356
2,0,32,23040,96,10732.164,10764.413,11057.063,324.899,292.65,65.356
2,0,33,23040,96,11059.762,11091.658,11384.663,324.901,293.005,65.356
2,0,34,23040,96,11388.394,11420.054,11713.925,325.531,293.871,65.356
2,0,35,23040,96,11717.591,11750.065,12043.056,325.465,292.991,65.356
2,0,36,23040,96,12045.84,12077.763,12372.757,326.917,294.994,65.356
2,0,37,23040,96,12375.507,12407.36,12700.066,324.559,292.706,65.356
2,0,38,23040,96,12702.797,12735.86,13026.89,324.093,291.03,65.356
2,0,39,23040,96,13029.729,13062.025,13354.516,324.787,292.491,65.356
2,1,0,23040,96,0.117,44.124,343.005,342.888,298.881,65.356
2,1,1,23040,96,345.158,386.775,683.175,338.017,296.4,65.356
2,1,2,23040,96,684.721,726.583,1021.139,336.418,294.556,65.356
2,1,3,23040,96,1022.702,1064.374,1359.493,336.791,295.119,65.356
2,1,4,23040,96,1361.06,1404.099,1698.268,337.208,294.169,65.356
2,1,5,23040,96,1699.803,1742.926,2037.465,337.662,294.539,65.356
2,1,6,23040,96,2038.971,2081.97,2376.755,337.784,294.785,65.356
2,1,7,23040,96,2378.452,2423.189,2727.181,348.729,303.992,65.356
2,1,8,23040,96,2728.774,2769.945,3063.607,334.833,293.662,65.356
2,1,9,23040,96,3065.122,3109.099,3402.509,337.387,293.41,65.356
2,1,10,23040,96,3404.091,3446.651,3739.087,334.996,292.436,65.356
2,1,11,23040,96,3740.589,3783.747,4076.202,335.613,292.455,65.356
2,1,12,23040,96,4077.732,4122.216,4420.406,342.674,298.19,65.356
2,1,13,23040,96,4421.984,4464.778,4758.348,336.364,293.57,65.356
2,1,14,23040,96,4759.848,4802.837,5097.218,337.37,294.381,65.356
2,1,15,23040,96,5098.796,5140.342,5434.08,335.284,293.738,65.356
2,1,16,23040,96,5435.677,5477.759,5771.248,335.571,293.489,65.356
2,1,17,23040,96,5772.747,5817.855,6128.338,355.591,310.483,65.356
2,1,18,23040,96,6129.79,6171.284,6459.649,329.859,288.365,65.356
2,1,19,23040,96,6461.156,6506.513,6789.289,328.133,282.776,65.356
2,1,20,23040,96,6790.404,6831.418,7115.494,325.09,284.076,65.356
2,1,21,23040,96,7116.927,7159.562,7444.213,327.286,284.651,65.356
2,1,22,23040,96,7445.627,7487.864,7773.91,328.283,286.046,65.356
2,1,23,23040,96,7775.384,7817.588,8103.159,327.775,285.571,65.356
2,1,24,23040,96,8105.165,8147.693,8432.147,326.982,284.454,65.356
2,1,25,23040,96,8433.258,8474.565,8759.708,326.45,285.143,65.356
2,1,26,23040,96,8761.19,8802.408,9087.56,326.37,285.152,65.356
2,1,27,23040,96,9088.702,9129.998,9414.449,325.747,284.451,65.356
2,1,28,23040,96,9415.909,9458.48,9743.255,327.346,284.775,65.356
2,1,29,23040,96,9744.707,9786.898,10071.756,327.049,284.858,65.356
2,1,30,23040,96,10073.208,10114.703,10402.685,329.477,287.982,65.356
2,1,31,23040,96,10404.122,10446.82,10730.731,326.609,283.911,65.356
2,1,32,23040,96,10732.206,10774.093,11058.386,326.18,284.293,65.356
2,1,33,23040,96,11059.806,11101.734,11387.298,327.492,285.564,65.356
2,1,34,23040,96,11388.435,11429.969,11716.498,328.063,286.529,65.356
2,1,35,23040,96,11717.631,11760.016,12044.422,326.791,284.406,65.356
2,1,36,23040,96,12045.88,12087.747,12374.114,328.234,286.367,65.356
2,1,37,23040,96,12375.547,12417.143,12701.413,325.866,284.27,65.356
2,1,38,23040,96,12702.839,12745.987,13028.242,325.403,282.255,65.356
2,1,39,23040,96,13029.77,13071.553,13357.073,327.303,285.52,65.356
2,2,0,23040,96,0.158,54.724,345.014,344.856,290.29,65.356
2,2,1,23040,96,345.204,397.588,684.593,339.389,287.005,65.356
2,2,2,23040,96,684.763,736.844,1022.574,337.811,285.73,65.356
2,2,3,23040,96,1022.742,1074.777,1360.93,338.188,286.153,65.356
2,2,4,23040,96,1361.101,1414.576,1699.675,338.574,285.099,65.356
2,2,5,23040,96,1699.846,1753.504,2038.845,338.999,285.341,65.356
2,2,6,23040,96,2039.012,2092.065,2378.281,339.269,286.216,65.356
2,2,7,23040,96,2378.516,2434.376,2728.62,350.104,294.244,65.356
2,2,8,23040,96,2728.819,2779.929,3064.993,336.174,285.064,65.356
2,2,9,23040,96,3065.162,3120.007,3403.968,338.806,283.961,65.356
2,2,10,23040,96,3404.133,3456.786,3740.459,336.326,283.673,65.356
2,2,11,23040,96,3740.636,3794.094,4077.608,336.972,283.514,65.356
2,2,12,23040,96,4077.772,4132.457,4421.857,344.085,289.4,65.356
2,2,13,23040,96,4422.035,4475.303,4759.722,337.687,284.419,65.356
2,2,14,23040,96,4759.888,4812.865,5098.667,338.779,285.802,65.356
2,2,15,23040,96,5098.837,5150.322,5435.542,336.705,285.22,65.356
2,2,16,23040,96,5435.719,5487.453,5772.622,336.903,285.169,65.356
2,2,17,23040,96,5772.788,5827.595,6129.664,356.876,302.069,65.356
2,2,18,23040,96,6129.834,6181.115,6461.027,331.193,279.912,65.356
2,2,19,23040,96,6461.196,6516.658,6790.263,329.067,273.605,65.356
2,2,20,23040,96,6790.445,6841.083,7116.778,326.333,275.695,65.356
2,2,21,23040,96,7116.968,7169.827,7445.49,328.522,275.663,65.356
2,2,22,23040,96,7445.668,7497.463,7775.247,329.579,277.784,65.356
2,2,23,23040,96,7775.436,7828.385,8105.025,329.589,276.64,65.356
2,2,24,23040,96,8105.207,8157.328,8433.12,327.913,275.792,65.356
2,2,25,23040,96,8433.299,8485.366,8761.044,327.745,275.678,65.356
2,2,26,23040,96,8761.231,8812.572,9088.56,327.329,275.988,65.356
2,2,27,23040,96,9088.754,9140.642,9415.769,327.015,275.127,65.356
2,2,28,23040,96,9415.95,9468.304,9744.571,328.621,276.267,65.356
2,2,29,23040,96,9744.75,9797.029,10073.06,328.31,276.031,65.356
2,2,30,23040,96,10073.251,10124.93,10403.982,330.731,279.052,65.356
2,2,31,23040,96,10404.164,10456.573,10732.067,327.903,275.494,65.356
2,2,32,23040,96,10732.286,10785.748,11059.667,327.381,273.919,65.356
2,2,33,23040,96,11059.846,11112.033,11388.29,328.444,276.257,65.356
2,2,34,23040,96,11388.48,11439.957,11717.492,329.012,277.535,65.356
2,2,35,23040,96,11717.679,11770.136,12045.743,328.064,275.607,65.356
2,2,36,23040,96,12045.922,12098.889,12375.408,329.486,276.519,65.356
2,2,37,23040,96,12375.601,12427.053,12702.7,327.099,275.647,65.356
2,2,38,23040,96,12702.883,12755.898,13029.635,326.752,273.737,65.356
2,2,39,23040,96,13029.81,13081.215,13358.077,328.267,276.862,65.356
