config_label,gflops_delivered_single,gflops_delivered_multi,gflops_delivered_shared,gflops_delivered_bcast,efficiency_pct_single,efficiency_pct_multi,efficiency_pct_shared,efficiency_pct_bcast,static_pJ_single,dynamic_pJ_single,static_pJ_multi,dynamic_pJ_multi,static_pJ_shared,dynamic_pJ_shared,static_pJ_bcast,dynamic_pJ_bcast,compute_G9_us_single,fixed_us_single,compute_G9_us_multi,fixed_us_multi,compute_G9_us_shared,fixed_us_shared,compute_G9_us_bcast,fixed_us_bcast,build,kind,engine_shape,engines,lanes_total,hbm_channels,movers,clock_mhz,gflops_delivered_geomean,gflops_silicon_geomean,efficiency_pct,occupancy_median,occupancy_max,occupancy_over_1_shapes,weight_rate_Mbeats_s,latency_G9_us,fixed_cost_us,request_G9_us,static_pJ_per_element,dynamic_pJ_per_element,total_pJ_per_element,energy_G9_uJ,soak_load_W,soak_idle_W,soak_dynamic_W,soak_rate_pct,latency_source,power_source,fixed_cost_source
4x4 (6 ch),107.64,,,,97.59,,,,468.7,39.13,,,,,,,310.836,40.9,,,,,,,4x4,single engine,4x4,1,16,6,6,400,107.64,25.23,97.59,0.9869,0.9934,0,394.7,310.836,40.9,351.8,468.7,39.13,507.83,8495.77,27.332,25.226,2.106,95.4,"family_measurements/4x4 (OpenCL batched runs, pooled launch overhead)",family_measurements/4x4/power_4x4_400MHz.csv (MIXED soak),"Qwen test: (token - engine) / 40, GEMV_Qwen_XRT.csv"
8x4 (10 ch),202.35,,,,97.65,,,,263.37,31.06,,,,,,,166.532,85.2,,,,,,,8x4,single engine,8x4,1,32,10,10,375,202.35,47.43,97.65,0.9887,0.9972,0,370.8,166.532,85.2,251.7,263.37,31.06,294.44,4961.0,29.79,26.647,3.143,93.9,"family_measurements/8x4 (OpenCL batched runs, pooled launch overhead)",family_measurements/8x4/power_8x4_375MHz.csv (MIXED soak),"Qwen test: (token - engine) / 40, GEMV_Qwen_XRT.csv"
2 x 4x4 (12 ch),,211.68,,,,98.95,,,,,255.66,38.38,,,,,,,157.825,98.0,,,,,2x4x4,"multi-tenant, own vector channels",4x4,2,32,12,12,394,211.68,49.61,98.95,0.99,0.991,0,388.3,157.825,98.0,255.9,255.66,38.38,294.04,4911.68,31.121,27.059,4.062,97.1,"window_shapes_20261002_1611/shapes (XRT, two-batch slope, median of 10 passes)",window_shapes_20261002_1611/shapes/power_xrt_2x4x4_394MHz_MIXED.csv (60 s soak),"shape sweep: intercept t(R) - R x slope, median of 11 shapes"
16x3 (13 ch),270.27,,,,97.09,,,,203.51,35.03,,,,,,,121.607,113.0,,,,,,,16x3,single engine,16x3,1,48,13,13,350,270.27,66.2,97.09,0.9858,1.0013,1,345.0,121.607,113.0,234.6,203.51,35.03,238.54,3920.01,32.235,27.501,4.734,93.4,"family_measurements/16x3 (OpenCL batched runs, pooled launch overhead)",family_measurements/16x3/power_16x3_350MHz.csv (MIXED soak),"Qwen test: (token - engine) / 40, GEMV_Qwen_XRT.csv"
3 x 4x4 shared (14 ch),,,184.34,,,,57.46,,,,,,336.4,41.82,,,,,,,181.99,116.7,,,3x4x4_shared,"multi-tenant, shared vector channels",4x4,3,48,14,18,392,184.34,43.21,57.46,0.5766,0.5847,0,225.0,181.99,116.7,298.7,336.4,41.82,378.23,6344.55,34.862,31.007,3.855,57.1,"window_shapes_20261002_1611/shapes (XRT, two-batch slope, median of 10 passes)",window_shapes_20261002_1611/shapes/power_xrt_3x4x4_shared_392MHz_MIXED.csv (60 s soak),"shape sweep: intercept t(R) - R x slope, median of 11 shapes"
3 x 4x4 bcast (14 ch),,,,317.56,,,,99.23,,,,,,,176.14,39.25,,,,,,,105.175,116.5,3x4x4_bcast,"multi-tenant, broadcast vector (one mover pair)",4x4,3,48,14,14,393,317.56,74.43,99.23,0.9926,0.9956,0,388.4,105.175,116.5,221.7,176.14,39.25,215.39,3596.97,34.2,27.968,6.232,97.0,"window_shapes_20261002_1611/shapes (XRT, two-batch slope, median of 10 passes)",window_shapes_20261002_1611/shapes/power_xrt_3x4x4_bcast_393MHz_MIXED.csv (60 s soak),"shape sweep: intercept t(R) - R x slope, median of 11 shapes"
8x8 (17 ch),350.93,,,,97.93,,,,176.01,30.79,,,,,,,95.029,154.6,,,,,,,8x8,single engine,8x8,1,64,17,17,325,350.93,82.25,97.93,0.9895,0.9978,0,321.6,95.029,154.6,249.6,176.01,30.79,206.8,3448.22,36.286,30.883,5.403,92.7,"family_measurements/8x8 (OpenCL batched runs, pooled launch overhead)",family_measurements/8x8/power_8x8_325MHz.csv (MIXED soak),"Qwen test: (token - engine) / 40, GEMV_Qwen_XRT.csv"
3 x 4x4 (18 ch),,321.63,,,,98.93,,,,,193.22,37.33,,,,,,,103.914,149.1,,,,,3x4x4,"multi-tenant, own vector channels",4x4,3,48,18,18,399,321.63,75.38,98.93,0.9903,0.9934,0,393.3,103.914,149.1,253.0,193.22,37.33,230.55,3852.72,37.076,31.073,6.003,96.1,"window_shapes_20261002_1611/shapes (XRT, two-batch slope, median of 10 passes)",window_shapes_20261002_1611/shapes/power_xrt_3x4x4_399MHz_MIXED.csv (60 s soak),"shape sweep: intercept t(R) - R x slope, median of 11 shapes"
2 x 8x4 (20 ch),,391.01,,,,99.72,,,,,161.66,36.27,,,,,,,85.466,175.9,,,,,2x8x4,"multi-tenant, own vector channels",8x4,2,64,20,20,361,391.01,91.64,99.72,0.9977,1.0007,1,358.5,85.466,175.9,261.3,161.66,36.27,197.93,3307.17,38.696,31.605,7.091,96.7,"window_shapes_20261002_1611/shapes (XRT, two-batch slope, median of 10 passes)",window_shapes_20261002_1611/shapes/power_xrt_2x8x4_361MHz_MIXED.csv (60 s soak),"shape sweep: intercept t(R) - R x slope, median of 11 shapes"
4x24 (24 ch),445.58,,,,97.82,,,,146.48,35.0,,,,,,,71.06,225.2,,,,,,,4x24,single engine,4x24,1,96,24,24,300,445.58,114.05,97.82,0.9902,1.0074,2,297.1,71.06,225.2,296.3,146.48,35.0,181.47,2872.95,40.43,32.633,7.797,90.4,"family_measurements/4x24 (OpenCL batched runs, pooled launch overhead)",family_measurements/4x24/power_4x24_300MHz.csv (MIXED soak),"Qwen test: (token - engine) / 40, GEMV_Qwen_XRT.csv"
4 x 4x4 (24 ch),,401.85,,,,98.93,,,,,161.63,34.96,,,,,,,83.194,195.4,,,,,4x4x4,"multi-tenant, own vector channels",4x4,4,64,24,24,374,401.85,94.18,98.93,0.9897,0.9935,0,368.5,83.194,195.4,278.6,161.63,34.96,196.59,3286.08,39.499,32.475,7.024,95.5,"window_shapes_20261002_1611/shapes (XRT, two-batch slope, median of 10 passes)",window_shapes_20261002_1611/shapes/power_xrt_4x4x4_374MHz_MIXED.csv (60 s soak),"shape sweep: intercept t(R) - R x slope, median of 11 shapes"
2 x 16x3 shared (24 ch),,,514.4,,,,99.43,,,,,,129.89,33.99,,,,,,,64.079,237.9,,,2x16x3_shared,"multi-tenant, shared vector channels",16x3,2,96,24,26,332,514.4,125.99,99.43,0.9958,1.0031,3,329.3,64.079,237.9,301.9,129.89,33.99,163.88,2701.0,42.151,33.408,8.743,95.6,"window_shapes_20261002_1611/shapes (XRT, two-batch slope, median of 10 passes)",window_shapes_20261002_1611/shapes/power_xrt_2x16x3_shared_332MHz_MIXED.csv (60 s soak),"shape sweep: intercept t(R) - R x slope, median of 11 shapes"
2 x 16x3 bcast (24 ch),,,,521.83,,,,98.75,,,,,,,127.62,32.84,,,,,,,63.109,218.4,2x16x3_bcast,"multi-tenant, broadcast vector (one mover pair)",16x3,2,96,24,24,339,521.83,127.81,98.75,0.9892,0.9984,0,334.2,63.109,218.4,281.5,127.62,32.84,160.47,2642.26,41.868,33.299,8.569,95.4,"window_shapes_20261002_1611/shapes (XRT, two-batch slope, median of 10 passes)",window_shapes_20261002_1611/shapes/power_xrt_2x16x3_bcast_339MHz_MIXED.csv (60 s soak),"shape sweep: intercept t(R) - R x slope, median of 11 shapes"
2 x 16x3 (26 ch),,529.8,,,,99.64,,,,,126.81,33.06,,,,,,,62.29,230.4,,,,,2x16x3,"multi-tenant, own vector channels",16x3,2,96,26,26,341,529.8,129.76,99.64,0.9981,1.0063,4,339.0,62.29,230.4,292.7,126.81,33.06,159.87,2637.94,42.349,33.591,8.758,95.9,"window_shapes_20261002_1611/shapes (XRT, two-batch slope, median of 10 passes)",window_shapes_20261002_1611/shapes/power_xrt_2x16x3_341MHz_MIXED.csv (60 s soak),"shape sweep: intercept t(R) - R x slope, median of 11 shapes"
3 x 8x4 shared (26 ch),,,368.7,,,,70.18,,,,,,181.69,32.56,,,,,,,91.039,204.5,,,3x8x4_shared,"multi-tenant, shared vector channels",8x4,3,96,26,30,321,368.7,86.41,70.18,0.7042,0.7142,0,225.1,91.039,204.5,295.5,181.69,32.56,214.25,3595.76,39.497,33.494,6.003,69.0,"window_shapes_20261002_1611/shapes (XRT, two-batch slope, median of 10 passes)",window_shapes_20261002_1611/shapes/power_xrt_3x8x4_shared_321MHz_MIXED.csv (60 s soak),"shape sweep: intercept t(R) - R x slope, median of 11 shapes"
6 x 4x4 bcast (26 ch),,,,553.88,,,,99.1,,,,,,,121.58,38.74,,,,,,,60.353,224.6,6x4x4_bcast,"multi-tenant, broadcast vector (one mover pair)",4x4,6,96,26,26,343,553.88,129.82,99.1,0.992,0.9961,0,338.8,60.353,224.6,284.9,121.58,38.74,160.32,2679.61,44.399,33.669,10.73,95.6,"window_shapes_20261002_1611/shapes (XRT, two-batch slope, median of 10 passes)",window_shapes_20261002_1611/shapes/power_xrt_6x4x4_bcast_343MHz_MIXED.csv (60 s soak),"shape sweep: intercept t(R) - R x slope, median of 11 shapes"
3 x 8x4 bcast (26 ch),,,,545.51,,,,99.38,,,,,,,122.55,35.41,,,,,,,61.284,234.3,3x8x4_bcast,"multi-tenant, broadcast vector (one mover pair)",8x4,3,96,26,26,337,545.51,127.85,99.38,0.9944,0.998,0,333.7,61.284,234.3,295.6,122.55,35.41,157.96,2640.42,43.085,33.427,9.658,95.7,"window_shapes_20261002_1611/shapes (XRT, two-batch slope, median of 10 passes)",window_shapes_20261002_1611/shapes/power_xrt_3x8x4_bcast_337MHz_MIXED.csv (60 s soak),"shape sweep: intercept t(R) - R x slope, median of 11 shapes"
5 x 4x4 (30 ch),,441.1,,,,98.8,,,,,152.19,37.38,,,,,,,75.757,243.3,,,,,5x4x4,"multi-tenant, own vector channels",4x4,5,80,30,30,329,441.1,103.38,98.8,0.9883,0.993,0,323.6,75.757,243.3,319.1,152.19,37.38,189.57,3167.4,41.81,33.565,8.245,95.0,"window_shapes_20261002_1611/shapes (XRT, two-batch slope, median of 10 passes)",window_shapes_20261002_1611/shapes/power_xrt_5x4x4_329MHz_MIXED.csv (60 s soak),"shape sweep: intercept t(R) - R x slope, median of 11 shapes"
3 x 8x4 (30 ch),,570.11,,,,98.78,,,,,120.05,35.93,,,,,,,58.603,270.7,,,,,3x8x4,"multi-tenant, own vector channels",8x4,3,96,30,30,354,570.11,133.62,98.78,0.9898,0.9925,0,348.2,58.603,270.7,329.3,120.05,35.93,155.97,2605.56,44.461,34.22,10.241,94.4,"window_shapes_20261002_1611/shapes (XRT, two-batch slope, median of 10 passes)",window_shapes_20261002_1611/shapes/power_xrt_3x8x4_354MHz_MIXED.csv (60 s soak),"shape sweep: intercept t(R) - R x slope, median of 11 shapes"
7 x 4x4 bcast (30 ch),,,,587.25,,,,99.84,,,,,,,116.94,39.12,,,,,,,56.704,259.0,7x4x4_bcast,"multi-tenant, broadcast vector (one mover pair)",4x4,7,112,30,30,311,587.25,137.64,99.84,1.0049,1.0183,9,311.4,56.704,259.0,315.7,116.94,39.12,156.06,2598.41,45.824,34.338,11.486,95.9,"window_shapes_20261002_1611/shapes (XRT, two-batch slope, median of 10 passes)",window_shapes_20261002_1611/shapes/power_xrt_7x4x4_bcast_311MHz_MIXED.csv (60 s soak),"shape sweep: intercept t(R) - R x slope, median of 11 shapes"
4x32 (32 ch),515.35,,,,97.61,,,,130.73,33.32,,,,,,,61.83,302.1,,,,,,,4x32,single engine,4x32,1,128,32,32,250,515.35,127.27,97.61,0.9966,1.0065,2,249.1,61.83,302.1,363.9,130.73,33.32,164.05,2613.61,42.271,33.686,8.585,90.0,"family_measurements/4x32 (OpenCL batched runs, pooled launch overhead)",family_measurements/4x32/power_4x32_250MHz.csv (MIXED soak),"Qwen test: (token - engine) / 40, GEMV_Qwen_XRT.csv"
2 x 8x8 bcast (32 ch),,,,660.85,,,,99.92,,,,,,,104.58,33.89,,,,,,,50.429,304.6,2x8x8_bcast,"multi-tenant, broadcast vector (one mover pair)",8x8,2,128,32,32,305,660.85,154.89,99.92,1.0004,1.0113,7,304.1,50.429,304.6,355.0,104.58,33.89,138.47,2307.27,45.753,34.556,11.197,95.6,"window_shapes_20261002_1611/shapes (XRT, two-batch slope, median of 10 passes)",window_shapes_20261002_1611/shapes/power_xrt_2x8x8_bcast_305MHz_MIXED.csv (60 s soak),"shape sweep: intercept t(R) - R x slope, median of 11 shapes"
