shape_group,family,energy_static_uJ,energy_dynamic_uJ,energy_static_pJ_per_element,energy_dynamic_pJ_per_element,energy_total_uJ,energy_total_pJ_per_element,dimensions,shape,shape_order,family_order,clock_mhz,M_rows,N_cols,matrix_elements,padding_rows,latency_per_matrix_us,board_load_W,board_idle_W,board_dynamic_W,static_pct,data_source
512x512,4x4,123.875,10.342,472.545,39.451,134.217,511.995,512x512,G1,1,1,400,512,512,262144,0,4.9106,27.332,25.226,2.106,92.29,latency x the family's own MIXED 60 s soak (board load / idle)
,8x4,70.324,8.295,268.265,31.642,78.619,299.907,512x512,G1,1,2,375,512,512,262144,0,2.6391,29.79,26.647,3.143,89.45,latency x the family's own MIXED 60 s soak (board load / idle)
,16x3,57.89,9.965,220.831,38.014,67.855,258.845,512x512,G1,1,3,350,512,512,262144,64,2.105,32.235,27.501,4.734,85.31,latency x the family's own MIXED 60 s soak (board load / idle)
,8x8,46.491,8.134,177.35,31.028,54.625,208.378,512x512,G1,1,4,325,512,512,262144,0,1.5054,36.286,30.883,5.403,85.11,latency x the family's own MIXED 60 s soak (board load / idle)
,4x24,53.198,12.711,202.935,48.487,65.909,251.423,512x512,G1,1,5,300,512,512,262144,256,1.6302,40.43,32.633,7.797,80.71,latency x the family's own MIXED 60 s soak (board load / idle)
,4x32,32.672,8.327,124.634,31.763,40.999,156.397,512x512,G1,1,6,250,512,512,262144,0,0.9699,42.271,33.686,8.585,79.69,latency x the family's own MIXED 60 s soak (board load / idle)
768x768,4x4,278.962,23.289,472.958,39.485,302.251,512.443,768x768,G2,2,1,400,768,768,589824,0,11.0585,27.332,25.226,2.106,92.29,latency x the family's own MIXED 60 s soak (board load / idle)
,8x4,156.759,18.49,265.772,31.348,175.249,297.12,768x768,G2,2,2,375,768,768,589824,0,5.8828,29.79,26.647,3.143,89.45,latency x the family's own MIXED 60 s soak (board load / idle)
,16x3,115.405,19.866,195.66,33.681,135.271,229.341,768x768,G2,2,3,350,768,768,589824,0,4.1964,32.235,27.501,4.734,85.31,latency x the family's own MIXED 60 s soak (board load / idle)
,8x8,104.347,18.256,176.913,30.951,122.603,207.864,768x768,G2,2,4,325,768,768,589824,0,3.3788,36.286,30.883,5.403,85.11,latency x the family's own MIXED 60 s soak (board load / idle)
,4x24,80.316,19.19,136.17,32.535,99.506,168.705,768x768,G2,2,5,300,768,768,589824,0,2.4612,40.43,32.633,7.797,80.71,latency x the family's own MIXED 60 s soak (board load / idle)
,4x32,97.019,24.726,164.488,41.92,121.745,206.409,768x768,G2,2,6,250,768,768,589824,256,2.8801,42.271,33.686,8.585,79.69,latency x the family's own MIXED 60 s soak (board load / idle)
1024x1024,4x4,491.612,41.042,468.838,39.141,532.654,507.979,1024x1024,G3,3,1,400,1024,1024,1048576,0,19.4883,27.332,25.226,2.106,92.29,latency x the family's own MIXED 60 s soak (board load / idle)
,8x4,278.016,32.792,265.137,31.273,310.808,296.41,1024x1024,G3,3,2,375,1024,1024,1048576,0,10.4333,29.79,26.647,3.143,89.45,latency x the family's own MIXED 60 s soak (board load / idle)
,16x3,229.067,39.431,218.455,37.605,268.498,256.06,1024x1024,G3,3,3,350,1024,1024,1048576,128,8.3294,32.235,27.501,4.734,85.31,latency x the family's own MIXED 60 s soak (board load / idle)
,8x8,184.433,32.267,175.889,30.772,216.7,206.661,1024x1024,G3,3,4,325,1024,1024,1048576,0,5.972,36.286,30.883,5.403,85.11,latency x the family's own MIXED 60 s soak (board load / idle)
,4x24,159.057,38.003,151.688,36.243,197.06,187.931,1024x1024,G3,3,5,300,1024,1024,1048576,128,4.8741,40.43,32.633,7.797,80.71,latency x the family's own MIXED 60 s soak (board load / idle)
,4x32,128.078,32.641,122.144,31.129,160.719,153.273,1024x1024,G3,3,6,250,1024,1024,1048576,0,3.8021,42.271,33.686,8.585,79.69,latency x the family's own MIXED 60 s soak (board load / idle)
3072x768,4x4,1114.101,93.011,472.218,39.423,1207.112,511.641,3072x768,G4,4,1,400,3072,768,2359296,0,44.1648,27.332,25.226,2.106,92.29,latency x the family's own MIXED 60 s soak (board load / idle)
,8x4,624.656,73.678,264.764,31.229,698.334,295.993,3072x768,G4,4,2,375,3072,768,2359296,0,23.4419,29.79,26.647,3.143,89.45,latency x the family's own MIXED 60 s soak (board load / idle)
,16x3,456.055,78.505,193.301,33.275,534.559,226.576,3072x768,G4,4,3,350,3072,768,2359296,0,16.5832,32.235,27.501,4.734,85.31,latency x the family's own MIXED 60 s soak (board load / idle)
,8x8,418.536,73.223,177.399,31.036,491.759,208.435,3072x768,G4,4,4,325,3072,768,2359296,0,13.5523,36.286,30.883,5.403,85.11,latency x the family's own MIXED 60 s soak (board load / idle)
,4x24,320.463,76.568,135.83,32.454,397.031,168.284,3072x768,G4,4,5,300,3072,768,2359296,0,9.8202,40.43,32.633,7.797,80.71,latency x the family's own MIXED 60 s soak (board load / idle)
,4x32,297.185,75.739,125.963,32.102,372.923,158.065,3072x768,G4,4,6,250,3072,768,2359296,0,8.8222,42.271,33.686,8.585,79.69,latency x the family's own MIXED 60 s soak (board load / idle)
768x3072,4x4,1099.296,91.775,465.942,38.899,1191.071,504.842,768x3072,G5,5,1,400,768,3072,2359296,0,43.5779,27.332,25.226,2.106,92.29,latency x the family's own MIXED 60 s soak (board load / idle)
,8x4,622.418,73.414,263.815,31.117,695.832,294.932,768x3072,G5,5,2,375,768,3072,2359296,0,23.3579,29.79,26.647,3.143,89.45,latency x the family's own MIXED 60 s soak (board load / idle)
,16x3,455.527,78.414,193.077,33.236,533.941,226.314,768x3072,G5,5,3,350,768,3072,2359296,0,16.564,32.235,27.501,4.734,85.31,latency x the family's own MIXED 60 s soak (board load / idle)
,8x8,412.121,72.101,174.68,30.56,484.222,205.24,768x3072,G5,5,4,325,768,3072,2359296,0,13.3446,36.286,30.883,5.403,85.11,latency x the family's own MIXED 60 s soak (board load / idle)
,4x24,317.026,75.747,134.373,32.106,392.773,166.479,768x3072,G5,5,5,300,768,3072,2359296,0,9.7149,40.43,32.633,7.797,80.71,latency x the family's own MIXED 60 s soak (board load / idle)
,4x32,385.954,98.362,163.589,41.691,484.316,205.28,768x3072,G5,5,6,250,768,3072,2359296,256,11.4574,42.271,33.686,8.585,79.69,latency x the family's own MIXED 60 s soak (board load / idle)
4096x1024,4x4,1970.592,164.515,469.826,39.224,2135.108,509.049,4096x1024,G6,6,1,400,4096,1024,4194304,0,78.1175,27.332,25.226,2.106,92.29,latency x the family's own MIXED 60 s soak (board load / idle)
,8x4,1120.12,132.118,267.057,31.499,1252.238,298.557,4096x1024,G6,6,2,375,4096,1024,4194304,0,42.0355,29.79,26.647,3.143,89.45,latency x the family's own MIXED 60 s soak (board load / idle)
,16x3,833.517,143.481,198.726,34.209,976.998,232.934,4096x1024,G6,6,3,350,4096,1024,4194304,128,30.3086,32.235,27.501,4.734,85.31,latency x the family's own MIXED 60 s soak (board load / idle)
,8x8,741.899,129.796,176.883,30.946,871.695,207.828,4096x1024,G6,6,4,325,4096,1024,4194304,0,24.0229,36.286,30.883,5.403,85.11,latency x the family's own MIXED 60 s soak (board load / idle)
,4x24,581.859,139.024,138.726,33.146,720.883,171.872,4096x1024,G6,6,5,300,4096,1024,4194304,128,17.8304,40.43,32.633,7.797,80.71,latency x the family's own MIXED 60 s soak (board load / idle)
,4x32,520.344,132.612,124.06,31.617,652.956,155.677,4096x1024,G6,6,6,250,4096,1024,4194304,0,15.4469,42.271,33.686,8.585,79.69,latency x the family's own MIXED 60 s soak (board load / idle)
1024x4096,4x4,1950.235,162.816,464.972,38.818,2113.051,503.791,1024x4096,G7,7,1,400,1024,4096,4194304,0,77.3105,27.332,25.226,2.106,92.29,latency x the family's own MIXED 60 s soak (board load / idle)
,8x4,1101.957,129.975,262.727,30.989,1231.933,293.716,1024x4096,G7,7,2,375,1024,4096,4194304,0,41.3539,29.79,26.647,3.143,89.45,latency x the family's own MIXED 60 s soak (board load / idle)
,16x3,914.868,157.485,218.121,37.547,1072.352,255.669,1024x4096,G7,7,3,350,1024,4096,4194304,128,33.2667,32.235,27.501,4.734,85.31,latency x the family's own MIXED 60 s soak (board load / idle)
,8x8,736.337,128.823,175.556,30.714,865.16,206.27,1024x4096,G7,7,4,325,1024,4096,4194304,0,23.8428,36.286,30.883,5.403,85.11,latency x the family's own MIXED 60 s soak (board load / idle)
,4x24,625.141,149.365,149.045,35.611,774.505,184.656,1024x4096,G7,7,5,300,1024,4096,4194304,128,19.1567,40.43,32.633,7.797,80.71,latency x the family's own MIXED 60 s soak (board load / idle)
,4x32,517.269,131.828,123.326,31.43,649.097,154.757,1024x4096,G7,7,6,250,1024,4096,4194304,0,15.3556,42.271,33.686,8.585,79.69,latency x the family's own MIXED 60 s soak (board load / idle)
2048x2048,4x4,1961.642,163.768,467.692,39.045,2125.41,506.737,2048x2048,G8,8,1,400,2048,2048,4194304,0,77.7627,27.332,25.226,2.106,92.29,latency x the family's own MIXED 60 s soak (board load / idle)
,8x4,1109.869,130.908,264.613,31.211,1240.777,295.824,2048x2048,G8,8,2,375,2048,2048,4194304,0,41.6508,29.79,26.647,3.143,89.45,latency x the family's own MIXED 60 s soak (board load / idle)
,16x3,838.833,144.396,199.993,34.427,983.229,234.42,2048x2048,G8,8,3,350,2048,2048,4194304,64,30.5019,32.235,27.501,4.734,85.31,latency x the family's own MIXED 60 s soak (board load / idle)
,8x8,731.742,128.019,174.461,30.522,859.76,204.983,2048x2048,G8,8,4,325,2048,2048,4194304,0,23.694,36.286,30.883,5.403,85.11,latency x the family's own MIXED 60 s soak (board load / idle)
,4x24,634.663,151.64,151.315,36.154,786.303,187.469,2048x2048,G8,8,5,300,2048,2048,4194304,256,19.4485,40.43,32.633,7.797,80.71,latency x the family's own MIXED 60 s soak (board load / idle)
,4x32,516.817,131.713,123.219,31.403,648.53,154.622,2048x2048,G8,8,6,250,2048,2048,4194304,0,15.3422,42.271,33.686,8.585,79.69,latency x the family's own MIXED 60 s soak (board load / idle)
4096x4096,4x4,7835.423,654.143,467.028,38.99,8489.565,506.018,4096x4096,G9,9,1,400,4096,4096,16777216,0,310.609,27.332,25.226,2.106,92.29,latency x the family's own MIXED 60 s soak (board load / idle)
,8x4,4466.549,526.827,266.227,31.401,4993.376,297.628,4096x4096,G9,9,2,375,4096,4096,16777216,0,167.6192,29.79,26.647,3.143,89.45,latency x the family's own MIXED 60 s soak (board load / idle)
,16x3,3322.135,571.87,198.015,34.086,3894.004,232.101,4096x4096,G9,9,3,350,4096,4096,16777216,128,120.8005,32.235,27.501,4.734,85.31,latency x the family's own MIXED 60 s soak (board load / idle)
,8x8,2930.089,512.621,174.647,30.555,3442.71,205.202,4096x4096,G9,9,4,325,4096,4096,16777216,0,94.8771,36.286,30.883,5.403,85.11,latency x the family's own MIXED 60 s soak (board load / idle)
,4x24,2326.188,555.796,138.652,33.128,2881.984,171.78,4096x4096,G9,9,5,300,4096,4096,16777216,128,71.2833,40.43,32.633,7.797,80.71,latency x the family's own MIXED 60 s soak (board load / idle)
,4x32,2075.809,529.027,123.728,31.532,2604.836,155.26,4096x4096,G9,9,6,250,4096,4096,16777216,0,61.6223,42.271,33.686,8.585,79.69,latency x the family's own MIXED 60 s soak (board load / idle)
8192x2048,4x4,7795.041,650.771,464.621,38.789,8445.812,503.41,8192x2048,G10,10,1,400,8192,2048,16777216,0,309.0082,27.332,25.226,2.106,92.29,latency x the family's own MIXED 60 s soak (board load / idle)
,8x4,4444.525,524.229,264.914,31.247,4968.755,296.161,8192x2048,G10,10,2,375,8192,2048,16777216,0,166.7927,29.79,26.647,3.143,89.45,latency x the family's own MIXED 60 s soak (board load / idle)
,16x3,3217.647,553.883,191.787,33.014,3771.53,224.801,8192x2048,G10,10,3,350,8192,2048,16777216,64,117.0011,32.235,27.501,4.734,85.31,latency x the family's own MIXED 60 s soak (board load / idle)
,8x8,2920.957,511.023,174.103,30.459,3431.981,204.562,8192x2048,G10,10,4,325,8192,2048,16777216,0,94.5814,36.286,30.883,5.403,85.11,latency x the family's own MIXED 60 s soak (board load / idle)
,4x24,2342.537,559.702,139.626,33.361,2902.239,172.987,8192x2048,G10,10,5,300,8192,2048,16777216,256,71.7843,40.43,32.633,7.797,80.71,latency x the family's own MIXED 60 s soak (board load / idle)
,4x32,2068.455,527.153,123.29,31.421,2595.608,154.71,8192x2048,G10,10,6,250,8192,2048,16777216,0,61.404,42.271,33.686,8.585,79.69,latency x the family's own MIXED 60 s soak (board load / idle)
2048x8192,4x4,7806.176,651.701,465.284,38.844,8457.876,504.129,2048x8192,G11,11,1,400,2048,8192,16777216,0,309.4496,27.332,25.226,2.106,92.29,latency x the family's own MIXED 60 s soak (board load / idle)
,8x4,4415.24,520.775,263.169,31.041,4936.015,294.209,2048x8192,G11,11,2,375,2048,8192,16777216,0,165.6937,29.79,26.647,3.143,89.45,latency x the family's own MIXED 60 s soak (board load / idle)
,16x3,3334.128,573.934,198.729,34.209,3908.062,232.939,2048x8192,G11,11,3,350,2048,8192,16777216,64,121.2366,32.235,27.501,4.734,85.31,latency x the family's own MIXED 60 s soak (board load / idle)
,8x8,2938.768,514.139,175.164,30.645,3452.907,205.809,2048x8192,G11,11,4,325,2048,8192,16777216,0,95.1581,36.286,30.883,5.403,85.11,latency x the family's own MIXED 60 s soak (board load / idle)
,4x24,2495.844,596.332,148.764,35.544,3092.175,184.308,2048x8192,G11,11,5,300,2048,8192,16777216,256,76.4822,40.43,32.633,7.797,80.71,latency x the family's own MIXED 60 s soak (board load / idle)
,4x32,2076.415,529.182,123.764,31.542,2605.597,155.306,2048x8192,G11,11,6,250,2048,8192,16777216,0,61.6403,42.271,33.686,8.585,79.69,latency x the family's own MIXED 60 s soak (board load / idle)
