config_label,engine_ms_single,overhead_ms_single,engine_ms_multi,overhead_ms_multi,static_mJ_single,dynamic_mJ_single,static_mJ_multi,dynamic_mJ_multi,wall_gmac_s_single,wall_gmac_s_multi,engine_gmac_s_single,engine_gmac_s_multi,nj_per_mac_single,nj_per_mac_multi,kind,configuration,engine_shape,tenants,hbm_channels,lanes_total,clock_mhz,matrices,useful_macs,padded_macs,padding_pct,calcs_per_tenant,efficiency_pct,predicted_us,engine_us,active_sum_us,wall_pass_us,overhead_us,overhead_pct,wall_gmac_s,engine_gmac_s,board_load_W,board_idle_W,dynamic_W,energy_pass_mJ,static_mJ,dynamic_mJ,nj_per_mac_wall,fullrate_load_W,nj_per_mac_launch_free,finish_balance,balance_planned,timed_passes,soak_passes,soak_s,source,estimator
4x4 (6 ch),15.556,18.598,,,859.59,32.38,,,5.726,,12.572,,4.5611,,single engine,one 4x4 engine,4x4,1,6,16,400,132,195563520,195563520,0.0,132,98.55,15330.2,15555.8,23780.9,34154.2,18598.4,54.45,5.726,12.572,26.116,25.168,0.948,891.97,859.59,32.38,4.5611,27.332,2.1741,1.0,1.0,3,1757,60.01,workload_per_matrix/workload_permatrix_4x4_400MHz.csv,"wall time, energy: measured (60 s soak of whole passes, board power); engine time: plan cycles / clock / measured steady-state efficiency (Configurations pct_of_peak); overhead = wall - engine; every matrix its own calculation and input vector"
8x4 (10 ch),8.275,28.632,,,956.14,31.04,,,5.299,,23.634,,5.0478,,single engine,one 8x4 engine,8x4,1,10,32,375,132,195563520,195563520,0.0,132,98.81,8176.1,8274.6,21364.9,36906.5,28631.9,77.58,5.299,23.634,26.748,25.907,0.841,987.18,956.14,31.04,5.0478,29.79,1.2605,1.0,1.0,3,1626,60.01,workload_per_matrix/workload_permatrix_8x4_375MHz.csv,"wall time, energy: measured (60 s soak of whole passes, board power); engine time: plan cycles / clock / measured steady-state efficiency (Configurations pct_of_peak); overhead = wall - engine; every matrix its own calculation and input vector"
2 x 4x4 (12 ch),,,7.983,12.677,,,550.85,35.6,,9.466,,24.499,,2.9987,multi-tenant,2 x 4x4 tenants,4x4,2,12,32,394,132,195563520,195563520,0.0,67/65,99.13,7913.2,7982.7,15123.9,20659.6,12676.9,61.36,9.466,24.499,28.386,26.663,1.723,586.44,550.85,35.6,2.9987,30.744,1.2549,0.9642,0.9897,3,2905,60.02,workload_per_matrix/workload_permatrix_2x4x4_394MHz.csv,"wall time, energy: measured (60 s soak of whole passes, board power); engine time: plan cycles / clock / measured steady-state efficiency (Configurations pct_of_peak); overhead = wall - engine; every matrix its own calculation and input vector"
16x3 (13 ch),5.974,39.087,,,1221.15,23.3,,,4.34,,32.737,,6.3635,,single engine,one 16x3 engine,16x3,1,13,48,350,132,195563520,197061120,0.76,132,98.51,5884.8,5973.8,22154.2,45060.8,39087.0,86.74,4.34,32.737,27.617,27.1,0.517,1244.44,1221.15,23.3,6.3635,32.235,0.9847,1.0,1.0,3,1332,60.02,workload_per_matrix/workload_permatrix_16x3_350MHz.csv,"wall time, energy: measured (60 s soak of whole passes, board power); engine time: plan cycles / clock / measured steady-state efficiency (Configurations pct_of_peak); overhead = wall - engine; every matrix its own calculation and input vector"
8x8 (17 ch),4.771,51.017,,,1690.6,17.24,,,3.505,,40.987,,8.7328,,single engine,one 8x8 engine,8x8,1,17,64,325,132,195563520,195563520,0.0,132,98.86,4717.0,4771.4,29660.5,55788.1,51016.7,91.45,3.505,40.987,30.613,30.304,0.309,1707.84,1690.6,17.24,8.7328,36.286,0.8853,1.0,1.0,3,1076,60.03,workload_per_matrix/workload_permatrix_8x8_325MHz.csv,"wall time, energy: measured (60 s soak of whole passes, board power); engine time: plan cycles / clock / measured steady-state efficiency (Configurations pct_of_peak); overhead = wall - engine; every matrix its own calculation and input vector"
3 x 4x4 (18 ch),,,5.175,12.396,,,540.6,34.47,,11.13,,37.789,,2.9406,multi-tenant,3 x 4x4 tenants,4x4,3,18,48,399,132,195563520,195563520,0.0,44/44/44,98.99,5122.9,5175.2,13491.0,17571.3,12396.1,70.55,11.13,37.789,32.728,30.766,1.962,575.07,540.6,34.47,2.9406,37.179,0.9839,0.9895,1.0,3,3415,60.01,workload_per_matrix/workload_permatrix_3x4x4_399MHz.csv,"wall time, energy: measured (60 s soak of whole passes, board power); engine time: plan cycles / clock / measured steady-state efficiency (Configurations pct_of_peak); overhead = wall - engine; every matrix its own calculation and input vector"
2 x 8x4 (20 ch),,,4.391,22.871,,,857.47,32.17,,7.174,,44.542,,4.5492,multi-tenant,2 x 8x4 tenants,8x4,2,20,64,361,132,195563520,195563520,0.0,66/66,98.66,4331.7,4390.5,17147.9,27261.2,22870.7,83.89,7.174,44.542,32.634,31.454,1.18,889.64,857.47,32.17,4.5492,38.233,0.8584,0.996,0.9943,3,2201,60.0,workload_per_matrix/workload_permatrix_2x8x4_361MHz.csv,"wall time, energy: measured (60 s soak of whole passes, board power); engine time: plan cycles / clock / measured steady-state efficiency (Configurations pct_of_peak); overhead = wall - engine; every matrix its own calculation and input vector"
4x24 (24 ch),3.498,74.516,,,2503.09,15.84,,,2.507,,55.909,,12.8803,,single engine,one 4x24 engine,4x24,1,24,96,300,132,195563520,198789120,1.623,132,99.0,3462.9,3497.9,39763.7,78014.3,74516.4,95.52,2.507,55.909,32.288,32.085,0.203,2518.93,2503.09,15.84,12.8803,40.43,0.7231,1.0,1.0,3,770,60.07,workload_per_matrix/workload_permatrix_4x24_300MHz.csv,"wall time, energy: measured (60 s soak of whole passes, board power); engine time: plan cycles / clock / measured steady-state efficiency (Configurations pct_of_peak); overhead = wall - engine; every matrix its own calculation and input vector"
4 x 4x4 (24 ch),,,4.286,11.084,,,495.36,20.3,,12.724,,45.628,,2.6368,multi-tenant,4 x 4x4 tenants,4x4,4,24,64,374,132,195563520,195563520,0.0,33/33/33/33,98.95,4241.1,4286.1,12155.0,15370.1,11084.0,72.11,12.724,45.628,33.55,32.229,1.321,515.67,495.36,20.3,2.6368,40.345,0.8842,0.9477,0.9828,3,3904,60.01,workload_per_matrix/workload_permatrix_4x4x4_374MHz.csv,"wall time, energy: measured (60 s soak of whole passes, board power); engine time: plan cycles / clock / measured steady-state efficiency (Configurations pct_of_peak); overhead = wall - engine; every matrix its own calculation and input vector"
2 x 16x3 (26 ch),,,3.119,31.607,,,1159.14,26.67,,5.632,,62.697,,6.0637,multi-tenant,2 x 16x3 tenants,16x3,2,26,96,341,132,195563520,197061120,0.76,66/66,98.73,3079.6,3119.2,20820.1,34725.7,31606.5,91.02,5.632,62.697,34.148,33.38,0.768,1185.81,1159.14,26.67,6.0637,42.468,0.6774,0.9773,0.9969,3,1728,60.01,workload_per_matrix/workload_permatrix_2x16x3_341MHz.csv,"wall time, energy: measured (60 s soak of whole passes, board power); engine time: plan cycles / clock / measured steady-state efficiency (Configurations pct_of_peak); overhead = wall - engine; every matrix its own calculation and input vector"
5 x 4x4 (30 ch),,,3.909,11.435,,,510.53,25.21,,12.746,,50.029,,2.7395,multi-tenant,5 x 4x4 tenants,4x4,5,30,80,329,132,195563520,195563520,0.0,26/27/27/26/26,98.25,3840.6,3909.0,11402.2,15343.6,11434.6,74.52,12.746,50.029,34.916,33.273,1.643,535.74,510.53,25.21,2.7395,42.187,0.8433,0.9521,0.972,3,3911,60.01,workload_per_matrix/workload_permatrix_5x4x4_329MHz.csv,"wall time, energy: measured (60 s soak of whole passes, board power); engine time: plan cycles / clock / measured steady-state efficiency (Configurations pct_of_peak); overhead = wall - engine; every matrix its own calculation and input vector"
3 x 8x4 (30 ch),,,2.938,23.076,,,882.82,27.83,,7.518,,66.566,,4.6565,multi-tenant,3 x 8x4 tenants,8x4,3,30,96,354,132,195563520,195563520,0.0,44/44/44,98.27,2887.1,2937.9,17328.7,26013.4,23075.5,88.71,7.518,66.566,35.007,33.937,1.07,910.65,882.82,27.83,4.6565,43.516,0.6537,0.9755,1.0,3,2307,60.01,workload_per_matrix/workload_permatrix_3x8x4_354MHz.csv,"wall time, energy: measured (60 s soak of whole passes, board power); engine time: plan cycles / clock / measured steady-state efficiency (Configurations pct_of_peak); overhead = wall - engine; every matrix its own calculation and input vector"
4x32 (32 ch),3.084,91.261,,,3124.59,18.49,,,2.073,,63.42,,16.072,,single engine,one 4x32 engine,4x32,1,32,128,250,132,195563520,195563520,0.0,132,99.43,3066.0,3083.6,49219.6,94344.3,91260.7,96.73,2.073,63.42,33.315,33.119,0.196,3143.08,3124.59,18.49,16.072,42.271,0.6665,1.0,1.0,3,636,60.0,workload_per_matrix/workload_permatrix_4x32_250MHz.csv,"wall time, energy: measured (60 s soak of whole passes, board power); engine time: plan cycles / clock / measured steady-state efficiency (Configurations pct_of_peak); overhead = wall - engine; every matrix its own calculation and input vector"
