shape,pass_,r_small,r_big,t_small_us,t_big_us,slope_us,fixed_us,call
G1,0,820,3280,1424.374,4883.932,1.40632,271.188,1
G1,1,820,3280,1378.401,4876.049,1.42181,212.518,1
G1,2,820,3280,1368.098,4866.086,1.42195,202.102,1
G1,3,820,3280,1366.934,4865.388,1.42214,200.783,1
G1,4,820,3280,1367.788,4866.882,1.4224,201.423,1
G1,5,820,3280,1377.814,4870.615,1.41984,213.547,1
G1,6,820,3280,1367.649,4864.963,1.42167,201.878,1
G1,7,820,3280,1366.177,4867.383,1.42325,199.108,1
G1,8,820,3280,1369.176,4866.758,1.42178,203.315,1
G1,9,820,3280,1367.663,4866.57,1.42232,201.361,1
G2,0,365,1460,1383.526,4882.944,3.19582,217.053,1
G2,1,365,1460,1385.267,4880.436,3.19194,220.211,1
G2,2,365,1460,1371.558,4873.333,3.19797,204.3,1
G2,3,365,1460,1371.352,4873.883,3.19866,203.842,1
G2,4,365,1460,1368.203,4875.955,3.20343,198.952,1
G2,5,365,1460,1344.253,4884.43,3.23304,164.194,1
G2,6,365,1460,1370.845,4874.133,3.19935,203.082,1
G2,7,365,1460,1372.744,4874.365,3.19783,205.537,1
G2,8,365,1460,1369.977,4875.926,3.20178,201.327,1
G2,9,365,1460,1370.466,4873.299,3.19893,202.855,1
G3,0,205,820,1377.898,4893.61,5.7166,205.994,1
G3,1,205,820,1377.843,4865.493,5.67098,215.293,1
G3,2,205,820,1370.105,4867.658,5.68708,204.254,1
G3,3,205,820,1370.017,4866.881,5.68596,204.396,1
G3,4,205,820,1387.078,4850.715,5.63193,232.532,1
G3,5,205,820,1375.215,4867.469,5.67846,211.13,1
G3,6,205,820,1366.707,4866.481,5.69069,200.116,1
G3,7,205,820,1372.187,4864.891,5.67919,207.952,1
G3,8,205,820,1368.776,4866.982,5.68814,202.707,1
G3,9,205,820,1370.691,4904.582,5.74616,192.727,1
G4,0,92,368,1418.075,4942.377,12.76921,243.308,2
G4,1,92,368,1383.444,4914.857,12.79497,206.306,2
G4,2,92,368,1382.146,4914.667,12.79899,204.639,2
G4,3,92,368,1380.797,4913.142,12.79835,203.349,2
G4,4,92,368,1380.511,4914.999,12.80612,202.348,2
G4,5,92,368,1382.697,4912.392,12.78875,206.132,2
G4,6,92,368,1380.545,4914.391,12.80379,202.596,2
G4,7,92,368,1377.818,4909.659,12.79653,200.538,2
G4,8,92,368,1379.583,4911.676,12.79744,202.219,2
G4,9,92,368,1397.168,4921.64,12.76983,222.344,2
G5,0,92,368,1410.91,4931.315,12.75509,237.442,2
G5,1,92,368,1380.478,4911.556,12.79376,203.452,2
G5,2,92,368,1381.113,4914.139,12.80082,203.438,2
G5,3,92,368,1380.215,4913.252,12.80086,202.536,2
G5,4,92,368,1379.589,4914.607,12.80804,201.25,2
G5,5,92,368,1379.81,4912.27,12.79877,202.323,2
G5,6,92,368,1379.6,4913.51,12.80402,201.63,2
G5,7,92,368,1380.42,4913.777,12.80202,202.634,2
G5,8,92,368,1377.946,4911.377,12.80229,200.136,2
G5,9,92,368,1384.773,4915.123,12.79112,207.99,2
G6,0,52,208,1412.476,4946.015,22.65089,234.63,2
G6,1,52,208,1388.631,4939.551,22.76231,204.991,2
G6,2,52,208,1384.553,4938.449,22.78138,199.921,2
G6,3,52,208,1385.287,4934.983,22.75446,202.055,2
G6,4,52,208,1387.067,4935.496,22.74634,204.257,2
G6,5,52,208,1388.053,4938.419,22.75876,204.598,2
G6,6,52,208,1385.298,4935.46,22.75745,201.911,2
G6,7,52,208,1385.025,4935.283,22.75806,201.606,2
G6,8,52,208,1413.093,4943.468,22.63061,236.301,2
G6,9,52,208,1387.603,4943.307,22.79297,202.368,2
G7,0,52,208,1441.441,4963.553,22.57764,267.404,3
G7,1,52,208,1388.332,4936.185,22.74265,205.714,3
G7,2,52,208,1388.692,4936.724,22.74379,206.015,3
G7,3,52,208,1390.12,4959.63,22.88147,200.283,3
G7,4,52,208,1403.036,4936.407,22.64981,225.246,3
G7,5,52,208,1386.14,4935.872,22.75469,202.896,3
G7,6,52,208,1386.276,4933.691,22.73984,203.804,3
G7,7,52,208,1386.02,4956.949,22.89057,195.71,3
G7,8,52,208,1388.445,4937.98,22.75343,205.267,3
G7,9,52,208,1384.836,4937.284,22.7721,200.687,3
G8,0,52,208,1410.33,4947.667,22.67524,231.218,3
G8,1,52,208,1389.525,4938.306,22.7486,206.598,3
G8,2,52,208,1389.381,4941.237,22.76831,205.429,3
G8,3,52,208,1388.834,4956.664,22.87071,199.557,3
G8,4,52,208,1387.413,4938.86,22.76569,203.597,3
G8,5,52,208,1386.098,4936.232,22.75727,202.72,3
G8,6,52,208,1387.138,4934.362,22.73862,204.73,3
G8,7,52,208,1391.856,4936.778,22.72386,210.215,3
G8,8,52,208,1387.606,4937.877,22.75815,204.182,3
G8,9,52,208,1387.059,4939.521,22.77219,202.905,3
G9,0,13,52,1389.488,4945.622,91.18292,204.11,3
G9,1,13,52,1389.082,4938.074,90.99979,206.085,3
G9,2,13,52,1390.883,4938.835,90.97313,208.232,3
G9,3,13,52,1403.809,4940.478,90.68382,224.919,3
G9,4,13,52,1387.417,4939.098,91.06874,203.523,3
G9,5,13,52,1387.476,4937.8,91.03395,204.035,3
G9,6,13,52,1384.36,4935.766,91.06169,200.558,3
G9,7,13,52,1390.667,4941.938,91.05823,206.91,3
G9,8,13,52,1390.287,4935.692,90.90782,208.485,3
G9,9,13,52,1385.549,4936.253,91.04369,201.981,3
G10,0,13,52,1441.789,4958.949,90.18359,269.402,4
G10,1,13,52,1405.735,4940.67,90.63936,227.423,4
G10,2,13,52,1407.799,4940.829,90.59051,230.122,4
G10,3,13,52,1389.454,4940.743,91.05869,205.691,4
G10,4,13,52,1391.046,4939.796,90.99359,208.129,4
G10,5,13,52,1390.516,4944.198,91.12005,205.955,4
G10,6,13,52,1394.018,4942.465,90.98582,211.202,4
G10,7,13,52,1392.769,4941.234,90.98628,209.947,4
G10,8,13,52,1416.108,4961.647,90.91126,234.262,4
G10,9,13,52,1395.427,4943.244,90.96967,212.821,4
G11,0,13,52,1402.925,4946.001,90.8481,221.9,4
G11,1,13,52,1382.092,4935.762,91.11974,197.535,4
G11,2,13,52,1385.649,4936.679,91.05205,201.972,4
G11,3,13,52,1384.298,4944.336,91.28303,197.619,4
G11,4,13,52,1388.016,4937.955,91.02408,204.703,4
G11,5,13,52,1387.652,4936.109,90.98608,204.833,4
G11,6,13,52,1391.517,4938.185,90.94021,209.294,4
G11,7,13,52,1410.027,4943.434,90.60018,232.225,4
G11,8,13,52,1415.781,4941.051,90.39154,240.691,4
G11,9,13,52,1414.466,4965.949,91.06367,230.638,4
