design,config,kind,cores,blocks,lanes,engines,sparsity,clock_mhz,shape,M_rows,N_cols,nwin,laps_per_matrix,laps_per_engine,padding_rows,beats_per_matrix,busiest_beats,busiest_cycles,balance,batch_R_small,batch_R_big,t_small_us,t_big_us,latency_per_matrix_us,fixed_cost_us,ideal_per_matrix_us,occupancy,GFLOPS_effective,GFLOPS_actual,useful_macs,spread_pct,passes,slopes_us,host_load_1min,call
sparse,2x16x3,multi,16,3,48,2,MIXED,341,G1,512,512,16,12,5/7,64,720,368,373.0,0.9625,713,2852,991.982,3322.228,1.08856,215.847,1.09384,1.0049,481.635,126.994,61440,0.804,10,1.08232 1.08859 1.08853 1.09172 1.08990 1.08816 1.09035 1.08914 1.08405 1.08297,4.02,1
sparse,2x16x3,multi,16,3,48,2,MIXED,341,G2,768,768,24,16,8/8,0,1440,720,728.0,1.0,365,1460,1008.988,3351.603,2.13897,228.068,2.1349,0.9981,551.504,129.259,138240,0.65,10,2.12477 2.13935 2.14793 2.14077 2.14020 2.13868 2.13402 2.13837 2.13921 2.13873,4.02,1
sparse,2x16x3,multi,16,3,48,2,MIXED,341,G3,1024,1024,32,24,12/12,128,2880,1440,1452.0,1.0,183,732,1007.394,3351.338,4.26816,226.279,4.25806,0.9976,491.348,129.555,245760,1.118,10,4.24959 4.25097 4.22635 4.27052 4.27406 4.27236 4.27292 4.26983 4.26442 4.26649,4.02,1
sparse,2x16x3,multi,16,3,48,2,MIXED,341,G4,3072,768,24,64,32/32,0,5760,2880,2912.0,1.0,92,368,1017.822,3381.49,8.56045,230.445,8.53959,0.9976,551.208,129.189,552960,1.274,10,8.43169 8.56109 8.57488 8.49126 8.55723 8.55982 8.55967 8.56900 8.56256 8.60032,3.78,2
sparse,2x16x3,multi,16,3,48,2,MIXED,341,G5,768,3072,96,16,8/8,0,5760,2880,2888.0,1.0,92,368,1010.85,3356.398,8.48677,230.306,8.46921,0.9979,555.994,130.311,552960,0.862,10,8.48145 8.50038 8.49508 8.45004 8.49106 8.49154 8.47728 8.50055 8.42736 8.48248,3.78,2
sparse,2x16x3,multi,16,3,48,2,MIXED,341,G6,4096,1024,32,88,44/44,128,10560,5280,5324.0,1.0,50,200,1013.067,3359.691,15.65401,230.631,15.6129,0.9974,535.876,129.521,983040,2.521,10,15.37509 15.65691 15.30264 15.69731 15.65116 15.64052 15.67059 15.63320 15.66940 15.65687,3.78,2
sparse,2x16x3,multi,16,3,48,2,MIXED,341,G7,1024,4096,128,24,12/12,128,11520,5760,5772.0,1.0,46,184,1022.879,3350.003,16.86049,247.518,16.92669,1.0039,497.53,131.185,983040,0.844,10,16.77069 16.98604 16.94733 16.86106 16.85034 16.85546 16.84373 16.86101 16.86099 16.85999,3.63,3
sparse,2x16x3,multi,16,3,48,2,MIXED,341,G8,2048,2048,64,44,21/23,64,10560,5312,5333.0,0.9884,50,200,1009.479,3339.745,15.54168,233.034,15.6393,1.0063,539.749,130.457,983040,0.452,10,15.42251 15.53647 15.58583 15.53431 15.55317 15.51559 15.54690 15.55283 15.52351 15.56434,3.63,3
sparse,2x16x3,multi,16,3,48,2,MIXED,341,G9,4096,4096,128,88,44/44,128,42240,21120,21164.0,1.0,13,52,1035.128,3463.145,62.29044,224.181,62.06452,0.9964,538.677,130.198,3932160,1.807,10,61.59179 62.91190 61.78641 62.23703 62.30087 62.30331 62.36813 62.28000 62.30244 62.20777,3.63,3
sparse,2x16x3,multi,16,3,48,2,MIXED,341,G10,8192,2048,64,172,85/87,64,41280,20672,20757.0,0.997,13,52,1027.649,3406.527,60.97523,236.834,60.87097,0.9983,550.296,129.983,3932160,0.823,10,60.66203 60.96367 60.98679 61.27687 60.77518 60.85121 60.81251 61.13905 61.12495 61.03423,3.5,4
sparse,2x16x3,multi,16,3,48,2,MIXED,341,G11,2048,8192,256,44,21/23,64,42240,21248,21269.0,0.9881,13,52,1039.749,3460.125,62.02778,233.548,62.37243,1.0056,540.958,130.749,3932160,1.252,10,61.59200 61.69110 62.46767 62.01921 62.08018 61.98090 62.07710 62.03636 62.11438 61.98659,3.5,4
